video_path,label,total_blinks,blink_rate,avg_ear,ear_variance,yaw_variance,pitch_variance,yaw_angular_velocity,pitch_angular_velocity,mean_yaw,mean_pitch,duration,blink_frames_processed,headpose_frames_processed,blink_faces_detected,headpose_faces_detected,blink_success,headpose_success
01__exit_phone_room.mp4,real,-1,-1.0,-1.0,-1.0,-1.0,-1.0,-1.0,-1.0,-1.0,-1.0,12.708333333333334,0,0,0,0,False,False
01__kitchen_pan.mp4,real,12,61.71428571428572,0.4789462657074251,0.0358615926104959,2.396725554948479,12.613991134964781,4.399133710605677,8.92234109225885,-172.29187192684364,-23.50158763124924,23.333333333333332,271,270,271,271,True,True
01__outside_talking_pan_laughing.mp4,real,13,62.10862619808307,0.3567449485281727,0.01669740399792089,4.471077510418275,127.92219857275725,7.776011935087326,17.20177805128468,-176.4451609591922,-5.573575829878188,26.083333333333332,298,297,298,298,True,True
01__hugging_happy.mp4,real,10,40.25412960609911,0.5025926238369156,0.03566774778156057,8.079700942423731,12.896020291993752,13.48839259074111,16.398114660891974,-171.98112570319824,-30.963705433992573,32.791666666666664,347,347,347,347,True,True
01__kitchen_still.mp4,real,15,53.99999999999999,0.6082552884908256,0.039006797185232055,8.130109175915855,13.346011426255622,5.384173140406783,10.970648129177471,-172.31945656687864,-32.5529535417297,33.333333333333336,400,400,400,400,True,True
01__outside_talking_still_laughing.mp4,real,22,84.60634547591069,0.34635104382803245,0.011112570406540347,5.31408588543731,2.2353375568562734,7.660252287323812,7.36922504922056,-176.08482198645447,-3.565977426177605,35.458333333333336,373,373,373,373,True,True
01__meeting_serious.mp4,real,-1,-1.0,-1.0,-1.0,-1.0,-1.0,-1.0,-1.0,-1.0,-1.0,43.541666666666664,0,0,0,0,False,False
01__podium_speech_happy.mp4,real,16,51.08647450110865,0.49964463460934294,0.012393541044952706,1.170232971984105,1.1119357178640654,3.568065457822899,4.500497540696443,-176.92983611886152,-1.0361932725575238,37.583333333333336,447,447,447,447,True,True
01__talking_against_wall.mp4,real,20,66.97674418604652,0.49669332242719644,0.006115171977462215,2.052794207685693,0.7142456084120933,1.885809849525946,3.347953567114024,-176.41050532343138,-0.24865705379268485,35.833333333333336,430,430,430,430,True,True
01__walking_outside_cafe_disgusted.mp4,real,3,37.64705882352941,0.5598055617311286,0.0062608567742343255,0.18545424449064019,4.037997567165552,1.1253098490317726,3.6259636933427513,-179.13459769450145,0.9545395291708821,12.75,109,109,109,109,True,True
01__secret_conversation.mp4,real,-1,-1.0,-1.0,-1.0,-1.0,-1.0,-1.0,-1.0,-1.0,-1.0,40.208333333333336,0,0,0,0,False,False
01__walking_down_indoor_hall_disgust.mp4,real,24,82.87769784172663,0.39583935078083443,0.04076518046010181,4047.1302642260075,28.92508216769194,74.936721419322,15.983111183440085,-169.10478220394782,6.505804536410252,34.75,415,411,415,415,True,True
01__talking_angry_couch.mp4,real,25,48.354600402955,0.5443447638804548,0.04015425601463848,3.858745330916291,10.375713390250445,4.76852577135676,12.621429261517065,-176.59162465554704,21.04808758281207,62.041666666666664,743,743,743,743,True,True
01__walking_down_street_outside_angry.mp4,real,1,205.37704918032784,0.28002373416741694,0.006900731137808242,-1.0,-1.0,-1.0,-1.0,-1.0,-1.0,25.416666666666668,7,0,7,0,True,False
01__walking_and_outside_surprised.mp4,real,20,53.08755760368663,0.4428263121471704,0.023362009442776697,5.842027751160779,46.14147328451343,5.816995442152941,12.404584693633968,-176.24091106190818,-5.664906173611191,45.208333333333336,541,541,541,541,True,True
01__walk_down_hall_angry.mp4,real,0,0.0,0.46286460194126605,0.0043635067431879145,-1.0,-1.0,-1.0,-1.0,-1.0,-1.0,15.458333333333334,3,0,3,0,True,False
02__exit_phone_room.mp4,real,-1,-1.0,-1.0,-1.0,-1.0,-1.0,-1.0,-1.0,-1.0,-1.0,15.166666666666666,0,0,0,0,False,False
02__kitchen_pan.mp4,real,2,9.746192893401014,0.6212309799319701,0.015564268761275597,1.9908550751812517,64.83131425186141,4.044600203365844,11.408742494601212,-176.1875256786185,-20.766465209037612,24.625,284,283,284,284,True,True
02__hugging_happy.mp4,real,17,62.608695652173914,0.543661506026175,0.018030205320319903,11.023137891876436,54.8572249425489,9.254127395174127,12.337541578764188,-170.7117455497969,-28.225229468977616,33.541666666666664,390,390,390,390,True,True
02__outside_talking_pan_laughing.mp4,real,22,100.21180030257186,0.3830113605291841,0.005968496132513943,13.400117194152728,22.175315623957154,10.851004644593585,13.032145451223709,-174.9919880656881,-0.13550564545813837,27.541666666666668,313,313,313,313,True,True
02__kitchen_still.mp4,real,9,30.315789473684212,0.5161487951567814,0.019644360815330306,3.700174338941364,4.379196431967548,2.654260253856033,5.316934504744002,-175.44580675932,-14.848009656898407,35.625,423,423,423,423,True,True
02__outside_talking_still_laughing.mp4,real,30,105.3658536585366,0.40089928784012846,0.010602643773915212,5.171562875204984,7.755821087135186,7.849172647731644,12.164060803434737,-176.34420422774724,-3.274629867465395,34.166666666666664,404,404,404,404,True,True
02__podium_speech_happy.mp4,real,24,73.60594795539033,0.4822798494256096,0.02293115328120912,5.674982393537762,11.265465472639786,7.4336777126390805,9.6108770083531,-174.30433785480784,-1.3920181659806974,44.833333333333336,467,467,467,467,True,True
02__meeting_serious.mp4,real,-1,-1.0,-1.0,-1.0,-1.0,-1.0,-1.0,-1.0,-1.0,-1.0,41.041666666666664,0,0,0,0,False,False
02__talking_against_wall.mp4,real,15,43.63636363636364,0.5241109427872119,0.0072438321384959686,0.8980428444099852,0.5672784417865097,1.7478754994096424,3.8664190967608767,178.1760268010573,3.6396784489814302,41.25,495,495,495,495,True,True
02__walking_and_outside_surprised.mp4,real,20,53.08755760368663,0.4428263121471704,0.023362009442776697,5.842027751160779,46.14147328451343,5.816995442152941,12.404584693633968,-176.24091106190818,-5.664906173611191,45.208333333333336,541,541,541,541,True,True
02__talking_angry_couch.mp4,real,21,46.52307692307693,0.6070789278080835,0.02543551667884706,37.443811269600914,45.94237088405227,9.101529290800906,16.681974477364463,168.99147125127865,28.691576702679253,54.166666666666664,650,650,650,650,True,True
02__walking_down_indoor_hall_disgust.mp4,real,23,80.48602673147023,0.3964946221220393,0.04105643586153953,3973.8331827222055,28.815871996808433,75.25518173105407,14.95730426622197,-169.1836821632291,6.473461880373103,34.291666666666664,410,409,410,410,True,True
02__secret_conversation.mp4,real,-1,-1.0,-1.0,-1.0,0.6909245239272492,1.9400647860833655,5.21032746186024,7.26558083392667,174.31308194021767,-50.811045745248414,42.5,0,322,0,322,False,True
02__walking_outside_cafe_disgusted.mp4,real,0,0.0,0.36243537462112224,0.01504509244679053,0.9204686418094236,5.8843059010016345,7.209812255043505,13.671690729960503,-177.98384992896152,11.54144436021336,24.041666666666668,11,29,11,29,True,True
03__exit_phone_room.mp4,real,1,18.580645161290324,0.5728244424272766,0.026876351754991777,0.05232666221639838,0.8319894502034134,0.9307013919427405,4.021567944040068,179.65830610674635,-3.576194088082731,25.833333333333332,69,69,69,69,True,True
02__walk_down_hall_angry.mp4,real,0,0.0,0.46855673513894164,0.0027109534336396545,3794.105135958682,2.143393525741045,249.26407972695236,15.491213083526809,-179.56135833212815,10.318305291297817,16.875,6,20,6,20,True,True
02__walking_down_street_outside_angry.mp4,real,0,0.0,0.416041663786331,0.007023790071286236,-1.0,-1.0,-1.0,-1.0,-1.0,-1.0,31.0,5,0,5,0,True,False
03__kitchen_pan.mp4,real,17,89.18032786885246,0.6468348599227725,0.00926284565036013,4651.356700484986,46.8811680897716,109.18700377991136,15.211366235709356,-179.69410057549723,-23.562973796670303,22.875,270,268,270,270,True,True
03__hugging_happy.mp4,real,25,88.23529411764707,0.5332197295429421,0.015353727557254818,2.536536873153512,15.42114057564668,5.786453616434282,10.87635764473901,-177.28843574085977,-26.283998656222316,34.0,408,408,408,408,True,True
03__kitchen_still.mp4,real,14,42.21989528795812,0.6414596926610394,0.016715392738941518,4125.736313342821,9.057978112588671,82.07875275592916,12.583533205003851,170.4462372637206,-24.56966171825502,39.791666666666664,477,477,477,477,True,True
03__podium_speech_happy.mp4,real,23,78.95113230035756,0.5469181399418198,0.010004271713476192,8.367745069230576,2.3925337988343545,9.029151162597651,7.393931819036454,174.26223246027388,-3.473577083862519,34.958333333333336,419,419,419,419,True,True
03__outside_talking_pan_laughing.mp4,real,-1,-1.0,-1.0,-1.0,6.29000778135072,75.47476969064444,13.246306013241114,24.438251070077204,-175.58090653902258,-5.3346574311063835,30.458333333333332,0,678,0,679,False,True
03__meeting_serious.mp4,real,-1,-1.0,-1.0,-1.0,-1.0,-1.0,-1.0,-1.0,-1.0,-1.0,40.0,0,0,0,0,False,False
03__outside_talking_still_laughing.mp4,real,-1,-1.0,-1.0,-1.0,-1.0,-1.0,-1.0,-1.0,-1.0,-1.0,39.541666666666664,0,0,0,0,False,False
03__talking_against_wall.mp4,real,29,91.78021978021978,0.5439911346562427,0.008305647319239235,0.6645736652958935,0.8028564239116524,2.416791835075267,3.9634692303251295,176.6701297484178,-3.3224115995977983,37.916666666666664,455,455,455,455,True,True
03__secret_conversation.mp4,real,-1,-1.0,-1.0,-1.0,-1.0,-1.0,-1.0,-1.0,-1.0,-1.0,35.583333333333336,0,0,0,0,False,False
03__walking_and_outside_surprised.mp4,real,42,111.6376306620209,0.45097825444063727,0.0472521266034999,3161.8099429966546,139.6261648179475,79.24410538430465,24.184184974178,-179.41155019919864,33.017418600007844,47.833333333333336,536,536,536,536,True,True
03__walking_outside_cafe_disgusted.mp4,real,11,52.21757322175733,0.5366196434152267,0.013639796849174303,0.3148730052620082,1.4099891117939838,2.0087726212592494,4.6041068844311805,178.64953208932275,-3.2071316790140147,29.875,295,295,295,295,True,True
03__talking_angry_couch.mp4,real,46,90.98901098901099,0.5083784530686513,0.03532476422166216,7.306772126188381,4.824699800929646,7.714700230704296,10.810172229389405,173.67404143066628,20.642955090548426,60.666666666666664,728,728,728,728,True,True
04__exit_phone_room.mp4,real,4,40.93023255813954,0.5363296198830817,0.0029158670140967554,0.13847624992549043,2.308778032141949,1.103114798390625,3.5023486288700965,-179.18945371989207,0.4170050474916042,16.125,131,131,131,131,True,True
03__walking_down_indoor_hall_disgust.mp4,real,26,58.97610921501707,0.6423960385920361,0.04651126585295053,290.02376169477867,282.27190171545067,107.61331926184175,25.9434803080767,-168.82154037335852,-43.12499671384736,61.041666666666664,628,628,628,628,True,True
03__walk_down_hall_angry.mp4,real,0,0.0,0.27073949270448794,0.0015731643768081762,-1.0,-1.0,-1.0,-1.0,-1.0,-1.0,24.375,3,0,3,0,True,False
04__kitchen_pan.mp4,real,8,46.172344689378754,0.5656675051725509,0.00826289098092389,8.931217993110364,7.586562892043271,7.55077161380991,10.954417160669378,176.52762686626994,-16.784330117714276,20.791666666666668,241,240,241,241,True,True
03__walking_down_street_outside_angry.mp4,real,-1,-1.0,-1.0,-1.0,-1.0,-1.0,-1.0,-1.0,-1.0,-1.0,50.708333333333336,0,0,0,0,False,False
04__kitchen_still.mp4,real,19,65.14285714285714,0.5546274670109819,0.010158080973901976,6.701767981087934,6.5898107718137275,5.825934752770733,12.533250441401321,-174.8644357302429,-19.835342800156095,35.0,420,420,420,420,True,True
04__outside_talking_pan_laughing.mp4,real,-1,-1.0,-1.0,-1.0,-1.0,-1.0,-1.0,-1.0,-1.0,-1.0,33.458333333333336,0,0,0,0,False,False
04__podium_speech_happy.mp4,real,20,66.43776824034335,0.43205572013176874,0.013178576268298492,1.8999599157294003,3.16571158560777,5.225520816983501,8.559453098215295,177.23205354304162,1.3332293215009061,38.833333333333336,428,428,428,428,True,True
04__outside_talking_still_laughing.mp4,real,-1,-1.0,-1.0,-1.0,-1.0,-1.0,-1.0,-1.0,-1.0,-1.0,33.75,0,0,0,0,False,False
04__talking_against_wall.mp4,real,28,89.60000000000001,0.45428154929582176,0.007297392834515823,1.5838875843058333,1.2526022951532896,3.234757507268161,5.305688445578706,177.68401792659355,2.8144389406822032,37.5,450,450,450,450,True,True
04__secret_conversation.mp4,real,1,480.0,0.18152949240074948,0.0004500829935286466,-1.0,-1.0,-1.0,-1.0,-1.0,-1.0,38.125,3,0,3,0,True,False
04__walking_outside_cafe_disgusted.mp4,real,1,288.0,0.3264872635863375,0.01868897480535938,-1.0,-1.0,-1.0,-1.0,-1.0,-1.0,16.875,5,0,5,0,True,False
04__walk_down_hall_angry.mp4,real,0,0.0,0.41353374558307987,0.007031804222217704,0.18250445724422032,3.768406502915616,7.0088062520827865,28.14266666654969,173.5974228831836,-2.503909624988611,14.208333333333334,6,18,6,18,True,True
05__exit_phone_room.mp4,real,1,27.7992277992278,0.5542624889579361,0.007271301337085622,0.1508539124576654,0.5961976072217273,1.4589673815165902,3.924793010386219,-174.66947393598574,3.889871401259465,21.583333333333332,50,50,50,50,True,True
04__walking_down_street_outside_angry.mp4,real,0,0.0,0.5698178100394938,0.04776265752026169,-1.0,-1.0,-1.0,-1.0,-1.0,-1.0,24.041666666666668,7,0,7,0,True,False
04__talking_angry_couch.mp4,real,37,77.21739130434781,0.5426450319932908,0.024855321576287306,7.637858253586365,15.421754997939301,7.7635761046369005,16.57248148853646,172.52364570747318,24.248199945833008,57.5,690,690,690,690,True,True
05__kitchen_pan.mp4,real,18,76.57311669128508,0.5289661181292448,0.01100977067290532,1.0767287596258355,17.47525349140539,2.4917812569141273,5.815461885983121,-178.24554557416428,-9.205277214402287,28.208333333333332,332,332,332,332,True,True
05__hugging_happy.mp4,real,19,66.73170731707317,0.46084209795946823,0.010156502849844748,10.540012306287641,10.975819774173562,8.708353138651857,13.247106363119096,-171.85122291629224,-25.469394453495692,34.166666666666664,405,405,405,405,True,True
05__kitchen_still.mp4,real,15,49.371428571428574,0.5431993760210082,0.01090140312410418,3.4117777047768483,1.898787733448534,2.6198121265977563,4.8454161655073875,-175.6721529830183,-8.205868718681117,36.458333333333336,437,437,437,437,True,True
05__outside_talking_pan_laughing.mp4,real,-1,-1.0,-1.0,-1.0,-1.0,-1.0,-1.0,-1.0,-1.0,-1.0,31.458333333333332,0,0,0,0,False,False
05__talking_against_wall.mp4,real,15,51.73652694610779,0.5057579674968371,0.0070654578716335854,0.757217875223692,0.9095135427295454,2.429485660566527,3.144941373885407,-178.08232444236288,-0.9155613403582786,34.791666666666664,417,417,417,417,True,True
05__outside_talking_still_laughing.mp4,real,-1,-1.0,-1.0,-1.0,-1.0,-1.0,-1.0,-1.0,-1.0,-1.0,40.0,0,0,0,0,False,False
06__exit_phone_room.mp4,real,3,43.63636363636364,0.5932282784304885,0.026290872010125855,0.3823100531347122,0.6911160506221411,1.8083519302511146,2.7224000335673555,177.02427327292486,6.056586725192383,12.375,92,92,92,92,True,True
05__walking_outside_cafe_disgusted.mp4,real,1,360.0,0.32042830814852025,0.010507134004483068,-1.0,-1.0,-1.0,-1.0,-1.0,-1.0,26.333333333333332,4,0,4,0,True,False
05__walking_down_street_outside_angry.mp4,real,0,0.0,0.40645675043007623,0.0023114662673887837,-1.0,-1.0,-1.0,-1.0,-1.0,-1.0,35.291666666666664,7,0,7,0,True,False
05__walk_down_hall_angry.mp4,real,0,0.0,0.4082455824112923,0.008543938089102619,-1.0,-1.0,-1.0,-1.0,-1.0,-1.0,24.583333333333332,4,0,4,0,True,False
05__podium_speech_happy.mp4,real,-1,-1.0,-1.0,-1.0,-1.0,-1.0,-1.0,-1.0,-1.0,-1.0,45.0,0,0,0,0,False,False
06__kitchen_pan.mp4,real,18,73.6929460580913,0.6037227848563671,0.031659452733630106,2716.196656170083,31.8892458747202,55.84248765378136,15.027433087312962,-174.28757966774504,-16.59843424612883,30.125,350,348,350,350,True,True
06__hugging_happy.mp4,real,21,68.72727272727273,0.4954673721156832,0.0518037345434597,192.40575996549498,31.032942779937706,64.4375049425005,16.04075179525679,-168.01683542961194,-27.995102401600093,36.666666666666664,438,438,438,438,True,True
06__kitchen_still.mp4,real,27,84.98360655737704,0.6099361368375473,0.029129629723769614,7.012566769516748,14.089407405674022,6.371237452174245,13.535975801104453,-174.18195543046386,-19.00724178161807,38.125,457,457,457,457,True,True
06__outside_talking_pan_laughing.mp4,real,22,97.69911504424779,0.39498400427162084,0.023998717327357283,14.147463247188284,61.67756691243527,8.477981268171199,12.491114371899325,174.22218802983582,-1.7695543714167599,28.25,322,322,322,322,True,True
06__outside_talking_still_laughing.mp4,real,25,93.72781065088758,0.4683093025739901,0.03450642565431097,6.179562875610781,7.619554593151815,8.716766512848087,11.244121489075544,176.00346127709273,-0.6017465633238022,35.208333333333336,384,384,384,384,True,True
06__talking_against_wall.mp4,real,26,88.61538461538461,0.5309487963628474,0.025884744458037186,10.042184871183116,12.057851836684154,5.89122947377393,9.509568705776784,174.53604776833689,-0.7427745356493735,35.208333333333336,422,422,422,422,True,True
06__podium_speech_happy.mp4,real,41,95.23505976095618,0.5220555313418039,0.035814544520269775,3.9614564875058647,10.249134612636082,6.200062764300857,11.703082552810757,176.0015838878632,1.5184135553034634,52.291666666666664,615,615,615,615,True,True
06__walking_outside_cafe_disgusted.mp4,real,6,72.80898876404494,0.30141546731307245,0.013710763518702512,1.0445860513939467,1.065377715079273,2.0762470853734545,4.48264662079486,176.93571017673716,-1.8514533102460147,14.833333333333334,113,113,113,113,True,True
06__walking_and_outside_surprised.mp4,real,26,73.77339901477833,0.6774387326202779,0.3147039975902129,8.026483672013045,309.8113774496414,7.87039326345723,17.903841896247894,176.85209744985582,-13.780843197184621,42.291666666666664,504,504,504,504,True,True
06__walking_down_street_outside_angry.mp4,real,12,69.02796271637816,0.5869005381245802,0.012314078175113562,0.7059749437315431,0.4495015111807405,1.9026395219455536,2.805496217900512,178.76092534169553,6.756730779492782,31.291666666666668,249,249,249,249,True,True
06__talking_angry_couch.mp4,real,47,114.22784810126582,0.5406255581780567,0.02130289701301232,15.756738227375093,24.91296211497014,7.845624917923054,12.644864270994809,171.6399934256858,23.782463455640126,49.375,592,592,592,592,True,True
06__walking_down_indoor_hall_disgust.mp4,real,35,73.41587764020393,0.4909708210519392,0.042612949749669185,32.77449782446265,326.64756409954543,9.437062491473773,16.549890295700447,170.23234923799438,23.499168314145955,57.208333333333336,685,685,685,685,True,True
07__exit_phone_room.mp4,real,2,14.784394250513346,0.6180107199687875,0.0038318249157995475,0.48659331125985494,1.305445473212263,2.0934218593945677,3.609496005438459,174.9360100026134,5.082856034789019,20.291666666666668,167,167,167,167,True,True
06__walk_down_hall_angry.mp4,real,0,0.0,0.49082372185616807,0.017598425947243358,-1.0,-1.0,-1.0,-1.0,-1.0,-1.0,18.625,5,0,5,0,True,False
07__kitchen_pan.mp4,real,5,24.913494809688583,0.5333699742699162,0.045936680400307066,10.914831805416206,107.98598969298932,7.820544237676523,13.537217540517094,-169.65658220505205,-17.19251771403553,24.083333333333332,285,283,285,285,True,True
07__hugging_happy.mp4,real,13,42.78857142857142,0.42265531624071107,0.030186569777219945,149.39988987794766,16.031427934322448,53.48981078484285,20.62690583504363,167.19510782376554,-32.32681685640914,36.458333333333336,433,433,433,433,True,True
07__kitchen_still.mp4,real,11,37.714285714285715,0.5239163688083511,0.04816911678978002,9.207053176743477,11.675477902690247,6.937974629347351,11.81159171016655,-171.0356563538749,-20.4718761101043,35.0,420,420,420,420,True,True
07__outside_talking_pan_laughing.mp4,real,7,192.53481894150417,0.24607978234206362,0.0046649709991483344,16.368106711062563,38.934974673029664,15.463440586461617,19.99734996317599,166.81378743459018,12.35336859552602,29.916666666666668,52,52,52,52,True,True
07__outside_talking_still_laughing.mp4,real,9,97.11627906976743,0.2595497305927399,0.007524381399750481,24.067080622433448,9.392504848614134,16.376882363531763,15.070330632050386,170.96925945222065,-2.5960498598722492,35.833333333333336,133,133,133,133,True,True
07__talking_against_wall.mp4,real,10,34.69879518072289,0.4280604730746379,0.02399879296515635,15.508127377329782,3.8430137428753706,9.560743987005404,7.082397059592676,170.06894518990447,-3.498493297364681,34.583333333333336,415,415,415,415,True,True
07__walking_outside_cafe_disgusted.mp4,real,6,50.70422535211267,0.4129404450931871,0.003958037231848681,0.38878270208991866,3.1885871990904224,1.912296382405158,4.523895980374143,175.1998339718242,-0.13382956460969023,23.666666666666668,166,166,166,166,True,True
07__podium_speech_happy.mp4,real,0,0.0,0.4371998805916618,0.001576004820565263,-1.0,-1.0,-1.0,-1.0,-1.0,-1.0,46.291666666666664,4,0,4,0,True,False
07__walking_down_street_outside_angry.mp4,real,1,287.63358778625957,0.26299279698925326,0.004445328683511862,-1.0,-1.0,-1.0,-1.0,-1.0,-1.0,32.75,5,0,5,0,True,False
07__secret_conversation.mp4,real,-1,-1.0,-1.0,-1.0,-1.0,-1.0,-1.0,-1.0,-1.0,-1.0,41.458333333333336,0,0,0,0,False,False
08__exit_phone_room.mp4,real,1,142.87206266318537,0.4909277177690097,0.011068503985529105,1.3841669834152082,48.58594217143782,12.340401767642387,41.76448515361666,-175.99461642023653,22.09396586320049,15.958333333333334,10,31,10,31,True,True
07__talking_angry_couch.mp4,real,23,40.888888888888886,0.461799426096434,0.03956215562056454,9.073223333438577,31.394184331038794,7.8672369917372835,12.825841054595069,172.02591841756194,18.399804748367703,67.5,804,804,804,804,True,True
07__walk_down_hall_angry.mp4,real,1,204.86187845303868,0.44716203319004544,0.01234297504373912,-1.0,-1.0,-1.0,-1.0,-1.0,-1.0,30.166666666666668,7,0,7,0,True,False
08__kitchen_pan.mp4,real,11,49.345794392523366,0.5624235683055321,0.01787374743977177,20.319446413964872,66.35124300453673,8.450741967035665,14.511893249960517,-169.30440960462244,-10.476681920724172,26.75,313,311,313,313,True,True
08__outside_talking_pan_laughing.mp4,real,23,101.08882521489971,0.3262922117681075,0.0038561708317545423,8.946441131236469,13.745763250132809,8.223993341871772,12.39381578400491,171.21457832384186,-2.5054576792336407,29.083333333333332,322,322,322,322,True,True
08__kitchen_still.mp4,real,16,45.399014778325125,0.6354668990408684,0.01281447330313684,13.167861834041537,10.4499350805811,6.998681306870822,8.14729743026497,-171.6590198116247,-13.876080105383869,42.291666666666664,507,507,507,507,True,True
08__walking_outside_cafe_disgusted.mp4,real,5,48.1145584725537,0.34885832150090584,0.01054436081414965,8.172492975765772,7.991391086673114,4.803652525405783,8.29238089170757,171.7078688700551,-9.159327189572146,17.458333333333332,141,141,141,141,True,True
08__outside_talking_still_laughing.mp4,real,-1,-1.0,-1.0,-1.0,-1.0,-1.0,-1.0,-1.0,-1.0,-1.0,36.875,0,0,0,0,False,False
08__podium_speech_happy.mp4,real,15,39.48811700182815,0.5008739057809145,0.014447596231673911,2.028819344723263,1.8956062114906829,5.381419184878445,7.390698458025563,177.3088960909767,-0.31262013043359044,45.583333333333336,539,539,539,539,True,True
09__exit_phone_room.mp4,real,2,19.77116704805492,0.5087057153530715,0.006404618915708634,0.030711832772149016,0.5794325522530165,0.6453568594420865,1.5996324661101466,177.59557851375192,3.1562478536163785,18.208333333333332,125,125,125,125,True,True
08__walking_down_street_outside_angry.mp4,real,1,101.67146974063401,0.36510450253888393,0.004195895488751522,18.9567376930783,9.152855493216366,6.7772484906145625,6.860012353527339,168.33494446451007,-3.499194488603363,28.916666666666668,14,373,14,373,True,True
08__walk_down_hall_angry.mp4,real,0,0.0,0.4524758432502384,0.0022896589770814964,4677.208835645033,5.659196125583119,199.88409416736985,22.080129241825695,179.99993697971436,10.159965428689937,19.0,8,23,8,23,True,True
08__talking_against_wall.mp4,real,24,62.83636363636363,0.49457046927860926,0.015404450580110527,7.396678765105693,7.372870326756567,6.632403077339156,8.584329417849172,174.44149056185685,-2.3447951663701625,45.833333333333336,550,550,550,550,True,True
09__kitchen_pan.mp4,real,9,36.87055476529161,0.5650479231063146,0.008580207236479776,2.0694405368238566,29.36591126357928,2.6665338974935215,7.171025957827726,-177.74819783020627,-9.790170289939399,29.291666666666668,343,337,343,343,True,True
09__outside_talking_pan_laughing.mp4,real,22,79.02439024390245,0.3164015481090947,0.01991604709935898,5.209772015348857,100.87132559945569,4.812059589116344,9.092158053719965,176.1189415909304,8.74561003091527,34.166666666666664,394,390,394,394,True,True
09__outside_talking_still_laughing.mp4,real,34,104.17021276595744,0.31054369004722454,0.01611390424720401,2905.410958235483,4.232073135573561,73.2354559881084,6.686403773118542,179.46117246278232,-2.2922000325378984,39.166666666666664,470,470,470,470,True,True
09__talking_against_wall.mp4,real,13,38.4,0.45216928330012834,0.012795782440264747,1.1731718821659376,1.5287466186380112,2.192475894322485,3.549911369965825,176.7396986269886,-1.1812404148482127,40.625,487,487,487,487,True,True
09__podium_speech_happy.mp4,real,20,56.30498533724341,0.4435441006540905,0.02090156755240236,5.157332000145452,6.387871763550792,5.379290480783412,6.575062282075512,173.78174736748258,4.206453299282458,42.625,511,511,511,511,True,True
10__exit_phone_room.mp4,real,1,8.944099378881988,0.5063037257921966,0.001732399287304389,0.045747882642792,0.045046181041402004,0.44665704885194246,0.8747026840096395,-178.1949556036835,3.8464015686696413,13.416666666666666,152,152,152,152,True,True
09__walking_down_street_outside_angry.mp4,real,0,0.0,0.4282089754414576,0.012257511946538362,0.7549745729302534,17.333003773920375,6.781007698079616,15.574799992213867,-177.4988274281347,8.74104358959275,23.041666666666668,7,39,7,39,True,True
09__walk_down_hall_angry.mp4,real,0,0.0,0.4917520082942836,0.01208419268188484,-1.0,-1.0,-1.0,-1.0,-1.0,-1.0,19.208333333333332,8,0,8,0,True,False
09__talking_angry_couch.mp4,real,17,36.950943396226414,0.5002400000066137,0.01194284432883048,7.9735855992229325,7.653135263527245,7.968588763428185,10.866009252497985,169.3163394371843,16.933566901533823,55.208333333333336,662,662,662,662,True,True
10__kitchen_pan.mp4,real,4,15.197889182058049,0.5854428491704313,0.00881318137882753,2.1996058061557986,104.0652873452443,3.363521838577826,8.129465078047282,-173.44663493529998,-20.351699902597925,31.583333333333332,371,371,371,371,True,True
10__kitchen_still.mp4,real,11,35.59550561797752,0.5291313090218255,0.010861159904954001,2.906437547483303,7.011519626286774,3.575543619013214,7.262725079009925,-172.43907756319732,-14.78600884696827,37.083333333333336,445,445,445,445,True,True
10__outside_talking_pan_laughing.mp4,real,1,70.55276381909547,0.3373136805214127,0.004036352300044338,54.21224138528455,114.72418514481879,38.43290087247826,41.83813854042157,166.8083838196372,6.119378141734231,33.166666666666664,20,49,20,49,True,True
10__podium_speech_happy.mp4,real,7,20.18018018018018,0.5037890822415576,0.006998847397115248,3.2459362060895716,7.785376703570534,3.8192297662309684,7.227116395222205,176.10844013724096,-2.8816755089128008,41.625,487,487,487,487,True,True
10__talking_against_wall.mp4,real,1,2.8097560975609754,0.5266726448226116,0.002764497132932951,1.0959994129135933,0.5718716340538662,2.028844802628657,4.53466619754034,173.28110333247224,-4.7126697888304925,42.708333333333336,510,510,510,510,True,True
10__outside_talking_still_laughing.mp4,real,1,74.73417721518989,0.39396920648782374,0.002127106137473992,16.190432962013144,29.904334298240546,28.361149154827825,37.76845880448695,-168.44826791937302,-7.778917613971359,32.916666666666664,19,43,19,43,True,True
10__walking_down_street_outside_angry.mp4,real,1,2.88,0.40852067091554267,0.0006364331089845991,0.3176526685497897,0.740937879551847,0.6789877833473948,1.3597122216105832,170.83134126545772,2.1575775414236067,41.666666666666664,375,375,375,375,True,True
10__talking_angry_couch.mp4,real,5,10.176678445229681,0.4262420570655275,0.014540897416448763,2.8591224163860334,3.8684984202199617,4.052319239300713,6.558342108911859,170.9761775264707,14.304339229471573,58.958333333333336,704,704,704,704,True,True
11__kitchen_pan.mp4,real,11,44.12256267409471,0.5563156695554038,0.01450103158200375,5.772325453053436,70.27221710801369,7.1202785401380595,21.97784056255014,-175.2513516428397,-16.752880990514672,29.916666666666668,352,349,352,352,True,True
10__walking_outside_cafe_disgusted.mp4,real,0,0.0,0.36014851518733454,0.000764344942732102,12.179668440162255,4.872875559877485,11.237053496244698,9.259892379272358,174.11324324209892,1.2895118504068166,43.083333333333336,73,73,73,73,True,True
11__exit_phone_room.mp4,real,0,0.0,0.4003615754010559,0.0028408618620954606,-1.0,-1.0,-1.0,-1.0,-1.0,-1.0,34.125,13,0,13,0,True,False
10__walk_down_hall_angry.mp4,real,0,0.0,0.5735224940571336,0.004672457695951499,-1.0,-1.0,-1.0,-1.0,-1.0,-1.0,36.458333333333336,4,0,4,0,True,False
11__kitchen_still.mp4,real,13,46.8,0.5567240136144713,0.01319669081601134,9.258922742706549,21.754757318996898,5.881487265657447,18.918549962202647,-174.36113195426432,-16.82403358948217,33.333333333333336,400,400,400,400,True,True
11__outside_talking_pan_laughing.mp4,real,14,63.87096774193548,0.3280644086189294,0.007475387957422994,7.8711792198236825,35.957256172269204,12.60444005484132,19.24285044307765,174.26876041856073,0.19136935414332798,31.0,312,311,312,312,True,True
11__outside_talking_still_laughing.mp4,real,19,79.69811320754717,0.3458877013258073,0.007914119684607307,5.743741998399238,9.819657445332393,9.22257605427824,17.177849197646605,174.7748495178571,-0.41128982228842836,33.125,341,341,341,341,True,True
11__podium_speech_happy.mp4,real,14,33.797150041911145,0.4468341280582773,0.010626755917070923,17.989394880673725,6.922424192010215,7.99273317157256,11.506277628545305,172.826983448229,-0.06812080152236832,49.708333333333336,586,586,586,586,True,True
11__talking_against_wall.mp4,real,16,52.36363636363637,0.4640649668301943,0.010846098371734109,1.120536018537962,1.009310484316857,2.3863163265369245,5.596874534605093,172.1890527426514,-2.181807438164706,36.666666666666664,440,440,440,440,True,True
11__secret_conversation.mp4,real,10,42.0,0.8672423026533876,0.03323457018639022,2.500145391401935,4.905259435920634,9.562048585830354,12.223973835136007,171.12031758266872,-55.85079694695576,40.0,332,332,332,332,True,True
11__walking_outside_cafe_disgusted.mp4,real,3,19.25133689839572,0.42964407729823517,0.0023856493193244897,2.820306253249473,4.309889680770547,6.42183994763128,10.017589482394524,176.7475533492157,0.4087155706786217,31.166666666666668,208,208,208,208,True,True
11__walking_down_street_outside_angry.mp4,real,0,0.0,0.5251842029495872,0.001219812895463798,0.5390042273032617,2.38608683180881,2.2175125793695205,5.770118766795084,171.6946005532574,0.7745701181301341,46.25,254,254,254,254,True,True
11__talking_angry_couch.mp4,real,26,46.22222222222222,0.478556639719602,0.024317017405178956,24.69503091863928,29.012287220729615,11.783142511454308,15.202254735840576,170.12037212952865,20.87251010877073,67.5,810,810,810,810,True,True
12__exit_phone_room.mp4,real,2,6.457399103139013,0.609522922233021,0.0005270744251813856,0.35904478472806967,0.21041082681715836,0.5480408484824926,1.3594301284966746,-177.9114462057875,1.3576370912926636,37.166666666666664,380,380,380,380,True,True
12__kitchen_pan.mp4,real,10,39.50617283950617,0.5923097249149568,0.007291539161330378,1.2827562924783593,57.62559769318131,2.901467223898021,5.157589163977447,-177.76342935510442,-13.217864849903586,30.375,356,349,356,356,True,True
12__hugging_happy.mp4,real,15,46.3519313304721,0.5455412533717897,0.01196390221410586,14.055833219125654,24.455602518971954,9.735989963038925,12.53885784407803,-171.93518590734945,-34.089304894110086,38.833333333333336,465,465,465,465,True,True
11__walk_down_hall_angry.mp4,real,0,0.0,0.4662042561914565,0.014101171921910193,-1.0,-1.0,-1.0,-1.0,-1.0,-1.0,35.625,5,0,5,0,True,False
12__kitchen_still.mp4,real,15,53.006134969325146,0.5620433638571879,0.013695363939889404,15.269366681429698,3.6015598249266625,5.135724975775769,5.501691938545885,-175.63598317124107,-9.061332207639877,33.958333333333336,407,407,407,407,True,True
12__outside_talking_still_laughing.mp4,real,30,102.24852071005915,0.3722323933187696,0.006450225537517227,22.556638532744245,3.941635597175313,12.825447378119964,9.457104328332811,-174.5193449929663,1.2075407704819154,35.208333333333336,422,422,422,422,True,True
12__outside_talking_pan_laughing.mp4,real,36,119.74082073434126,0.3602956220802894,0.005735677285714945,8.973635459316274,55.474749954837236,8.790119140575658,9.933161345209905,-175.34537031983083,2.1992599041363308,38.583333333333336,432,428,432,432,True,True
12__secret_conversation.mp4,real,2,42.352941176470594,0.670000149286681,0.010784877124920567,14.42116093483538,5.5052950028232175,12.124853808943184,12.225149774602409,171.27632728805804,-48.67703225521409,42.5,68,68,68,68,True,True
12__podium_speech_happy.mp4,real,38,108.14229249011858,0.45512617445590237,0.01092407617486366,24.460429174323338,4.705310421365463,16.651455985172458,10.812693276747522,-172.90360996004856,1.0417184516537474,42.166666666666664,500,500,500,500,True,True
12__talking_against_wall.mp4,real,31,101.45454545454545,0.5593771634651538,0.019520314845173685,3346.607545525297,2.7414743011702845,43.167021602061126,4.860053580740156,-174.217393334063,-1.687209548140855,36.666666666666664,440,440,440,440,True,True
12__talking_angry_couch.mp4,real,12,24.971098265895954,0.5580394799115458,0.017972553313494725,2.673383761803426,21.396496584127664,5.257215141175249,11.756126736612826,-176.97835009884406,-2.5781076499042928,57.666666666666664,692,692,692,692,True,True
12__walking_outside_cafe_disgusted.mp4,real,7,30.35573122529644,0.45305749953811675,0.00662549029419543,0.37083201989544684,0.8861136087313514,1.7907282130177606,3.2291788332127305,-179.27266360107154,-8.229392295955856,31.625,320,320,320,320,True,True
12__walking_and_outside_surprised.mp4,real,19,57.47899159663866,0.6569459764061238,0.07447694864775883,2401.7270372658654,372.0437552630081,74.95311111833533,26.601954955882455,-176.46466368325343,-39.66933264049374,39.666666666666664,472,472,472,472,True,True
12__walk_down_hall_angry.mp4,real,0,0.0,0.5397344859452823,0.005135164585084639,-1.0,-1.0,-1.0,-1.0,-1.0,-1.0,21.583333333333332,6,0,6,0,True,False
12__walking_down_street_outside_angry.mp4,real,0,0.0,0.4984512739871671,0.0011172203274376488,-1.0,-1.0,-1.0,-1.0,-1.0,-1.0,29.625,12,0,12,0,True,False
12__walking_down_indoor_hall_disgust.mp4,real,42,89.60000000000001,0.5790059388633674,0.0336958673107786,1133.821924044375,1193.6584286163393,28.46653562444878,19.718023486671367,-178.78325873283652,-12.341175456218032,56.25,673,673,673,673,True,True
13__kitchen_pan.mp4,real,26,118.35616438356163,0.42581133513902886,0.013932716580732038,5.567676847490576,40.0157572107358,7.6603290863066515,14.797785494652139,-171.88724193200704,-9.654381738399726,27.375,313,305,313,313,True,True
13__exit_phone_room.mp4,real,1,205.71428571428572,0.4846797551832514,0.02462607782540316,-1.0,-1.0,-1.0,-1.0,-1.0,-1.0,22.458333333333332,7,0,7,0,True,False
13__outside_talking_pan_laughing.mp4,real,19,87.77939042089986,0.3962568259313122,0.009051116785589348,2544.2957309346184,129.72339145104468,65.9334955818018,21.703626176631595,178.89656688574743,-0.9469459899450962,28.708333333333332,305,305,305,305,True,True
13__hugging_happy.mp4,real,21,68.57142857142857,0.6183732025542926,0.07540593657850563,299.7352558024322,141.68554018230796,98.36941050992297,29.599123639940768,-163.83815961853387,-47.282927156040515,38.5,440,440,440,440,True,True
13__kitchen_still.mp4,real,16,59.45806451612904,0.43026476510150746,0.021471320310087097,6.889339845044745,37.624401214688895,5.048763478500113,7.951987372186511,-170.23262424719226,-6.1699132975069055,32.291666666666664,387,387,387,387,True,True
13__podium_speech_happy.mp4,real,20,58.98101898101898,0.401991061461706,0.020977016860512992,11.607646729939173,170.10330273571847,9.85128313193715,22.414174932852728,174.75758174384939,4.083839427464885,41.708333333333336,488,488,488,488,True,True
13__secret_conversation.mp4,real,22,73.88481675392671,0.5046628223641092,0.018729418144608156,5325.251977228812,56.4988063551136,151.5295444486201,27.41813759169342,-178.59599209850717,-56.46003656047585,39.791666666666664,425,425,425,425,True,True
13__outside_talking_still_laughing.mp4,real,-1,-1.0,-1.0,-1.0,-1.0,-1.0,-1.0,-1.0,-1.0,-1.0,36.583333333333336,0,0,0,0,False,False
13__walking_and_outside_surprised.mp4,real,19,57.29842931937173,0.6535744932356264,0.07389646784323627,2449.0714621462434,418.55300803619525,72.27546021850327,23.615237284287414,-177.49119760072136,-37.8791794421034,39.791666666666664,469,469,469,469,True,True
13__talking_against_wall.mp4,real,20,55.119617224880386,0.4090972829696279,0.013216781516937183,115.03503872053328,12.946228820613573,40.58980724622847,7.882608017841979,172.76115184317993,-0.6671169350237905,43.541666666666664,522,522,522,522,True,True
13__walking_outside_cafe_disgusted.mp4,real,-1,-1.0,-1.0,-1.0,-1.0,-1.0,-1.0,-1.0,-1.0,-1.0,16.0,0,0,0,0,False,False
13__talking_angry_couch.mp4,real,37,79.82022471910113,0.472773138922485,0.018200017425776045,21.56827011197099,48.84372981685907,9.362074137227054,16.6179165658348,170.8104692007359,17.985946695129044,55.625,667,667,667,667,True,True
13__walking_down_street_outside_angry.mp4,real,8,60.080753701211314,0.4782328503389631,0.008844385803918258,0.25065648877433894,0.14159823250930137,1.0075133049320792,1.6800270452870811,-178.9106374283859,2.245441435688605,30.958333333333332,188,188,188,188,True,True
14__hugging_happy.mp4,real,2,36.22641509433962,0.6104237618956331,0.01859059184787793,8.430097579459598,16.5492502252094,15.319666475978025,22.781996022514978,-173.1294144136514,-41.64115438285975,6.625,78,78,78,78,True,True
14__exit_phone_room.mp4,real,4,37.37404580152672,0.4944801657559387,0.017284715235905475,0.4499580302235809,1.1972392925160724,1.349267983082748,4.347710701394678,178.7483037506732,2.6138772763781963,27.291666666666668,153,153,153,153,True,True
13__walk_down_hall_angry.mp4,real,0,0.0,0.33707718758915595,0.006225906106361186,-1.0,-1.0,-1.0,-1.0,-1.0,-1.0,25.375,4,0,4,0,True,False
14__kitchen_pan.mp4,real,8,34.285714285714285,0.57150306633821,0.004550564960692682,3.4920141820406347,31.6264938686157,3.8636527380162073,13.14337154603935,-171.07388152618216,-20.27968580399966,28.0,328,321,328,328,True,True
13__walking_down_indoor_hall_disgust.mp4,real,42,89.60000000000001,0.5790059388633674,0.0336958673107786,1133.821924044375,1193.6584286163393,28.46653562444878,19.718023486671367,-178.78325873283652,-12.341175456218032,56.25,673,673,673,673,True,True
14__outside_talking_pan_laughing.mp4,real,8,31.432469304229194,0.4600777481343925,0.008561048667594278,3.9309501515337892,43.11696900786412,6.817727127724441,13.549023609723477,-176.79817547720472,5.5344419298635374,30.541666666666668,356,354,356,356,True,True
14__kitchen_still.mp4,real,3,9.707865168539325,0.5527289055556972,0.006653459345750407,3.102554424509918,4.966748398325026,2.769708883040864,7.363469039323697,-172.21389578960697,-19.410760243489314,37.083333333333336,445,445,445,445,True,True
14__outside_talking_still_laughing.mp4,real,12,37.362162162162164,0.47266710489476743,0.0112529088108829,3.545379789493387,11.475349269939272,6.006134991077188,12.74231450537681,-176.92737481643533,6.1883458075640325,38.541666666666664,458,458,458,458,True,True
14__talking_against_wall.mp4,real,9,26.721649484536083,0.5360840650335781,0.01289740717179137,1.1299370850633244,2.0261011636368953,2.340500662138561,5.1616883104029885,-178.0982158575044,2.4912944412815667,40.416666666666664,485,485,485,485,True,True
14__secret_conversation.mp4,real,16,43.885714285714286,0.7721693971882998,0.016509901947179138,3459.214250326993,9.314469284370038,69.64841159868068,11.885794876584681,-179.89245154478354,-53.461643915228215,43.75,524,524,524,524,True,True
14__podium_speech_happy.mp4,real,11,23.891402714932124,0.569622381120931,0.005341665210911359,3.754362385861852,14.180537323913935,6.399917209539055,13.286683717908069,-175.8988137838956,5.845581920076344,55.25,657,657,657,657,True,True
14__walking_and_outside_surprised.mp4,real,20,66.28308400460298,0.5498273044224061,0.04839866977352928,4505.238862111858,823.1272363785561,87.47717490590716,22.496780040321543,-172.01514971133088,0.32220333411578406,36.208333333333336,432,432,432,432,True,True
14__walking_outside_cafe_disgusted.mp4,real,7,29.91689750692521,0.4992679746737088,0.007872701213200719,0.9397515131351729,2.6225344194169806,3.229621517660805,6.327974074844579,178.33915135019456,1.2240597614041582,30.083333333333332,319,319,319,319,True,True
14__talking_angry_couch.mp4,real,27,48.0,0.6144199620101297,0.029244299581847787,5.314730186413821,31.91670445329728,5.921194149852537,15.519146315332431,176.36627304797685,35.06698899772183,67.5,810,810,810,810,True,True
15__exit_phone_room.mp4,real,0,0.0,0.6193346100387254,0.011901878977424868,-1.0,-1.0,-1.0,-1.0,-1.0,-1.0,17.875,4,0,4,0,True,False
14__walking_down_indoor_hall_disgust.mp4,real,53,104.19112627986348,0.7553428546372346,0.1059483755339294,5804.267374663891,50.12697680425342,150.49481072155663,23.189709598706372,-179.88379370305495,51.20268196454935,61.041666666666664,726,726,726,726,True,True
14__walk_down_hall_angry.mp4,real,0,0.0,0.5461459035572717,0.002811595093267383,-1.0,-1.0,-1.0,-1.0,-1.0,-1.0,32.125,7,0,7,0,True,False
15__kitchen_pan.mp4,real,6,27.472178060413356,0.3774278801685931,0.05415373515324622,3.72919272739573,40.089901685076306,3.5188914119360395,12.474289435026346,176.3229267976301,-17.83605524468975,26.208333333333332,306,300,306,306,True,True
15__hugging_happy.mp4,real,24,86.39999999999999,0.463464209883144,0.044192902912334776,208.38925119173192,130.00962031697804,50.61008555258521,34.27508464583834,-163.91032860465344,-36.45962412734334,33.333333333333336,398,398,398,398,True,True
15__kitchen_still.mp4,real,19,63.260115606936424,0.3365439095764692,0.033188447927019755,1.1279823576646675,3.998308160015504,2.152511397301741,5.251983189253188,-169.03573626187267,-12.978838980919662,36.041666666666664,432,432,432,432,True,True
15__outside_talking_still_laughing.mp4,real,13,54.62068965517241,0.29899708044235507,0.015444258567327038,2434.54556859001,2.9828972571411057,58.82213355573334,7.696659914388282,-179.83393819356624,0.058464233321254125,36.25,334,334,334,334,True,True
14__walking_down_street_outside_angry.mp4,real,1,143.30816746739876,0.4410320457361885,0.005994752351566967,-1.0,-1.0,-1.0,-1.0,-1.0,-1.0,60.708333333333336,10,0,10,0,True,False
15__outside_talking_pan_laughing.mp4,real,-1,-1.0,-1.0,-1.0,1.4476039948079313,9.99713130604312,4.826110809718044,8.37818951932948,-177.7447951532815,1.2402861308790682,29.416666666666668,0,682,0,682,False,True
15__talking_against_wall.mp4,real,9,29.965317919075147,0.4454192122397764,0.02720181147764312,2.0233557278016896,1.453231454530661,2.3637172305382474,5.274610531805245,-177.20165020385383,-0.13034202635385367,36.041666666666664,432,432,432,432,True,True
15__walking_down_street_outside_angry.mp4,real,2,108.88468809073724,0.38243893979030985,0.03867676911510965,2.1655510074484723,5.223744368758757,12.072105849641039,20.43179646217925,177.7244658604124,5.395462580912514,22.041666666666668,26,26,26,26,True,True
15__podium_speech_happy.mp4,real,29,63.44055944055943,0.4409625476057719,0.0267533736218886,0.6983784841048842,2.802393473538465,3.192482958406286,8.732758178324332,178.3330033035878,2.8276405986220867,59.583333333333336,652,652,652,652,True,True
15__walking_and_outside_surprised.mp4,real,22,72.00000000000001,0.6716327166997973,0.028524292256758024,3328.611256614407,28.530713790015604,90.80794870442391,19.30680074121213,176.8861430579904,-50.96674770422867,36.666666666666664,438,438,438,438,True,True
15__talking_angry_couch.mp4,real,15,35.72932330827068,0.36581801212038273,0.056905363627301614,12.852305223528774,13.827331013542032,5.880641060992585,17.971141948310354,-176.19768388833268,18.930980167474345,55.416666666666664,604,604,604,604,True,True
15__walking_outside_cafe_disgusted.mp4,real,-1,-1.0,-1.0,-1.0,-1.0,-1.0,-1.0,-1.0,-1.0,-1.0,23.25,0,0,0,0,False,False
01_02__walk_down_hall_angry__YVGY8LOK.mp4,fake,0,0.0,0.4940814695292288,0.0072837225032232914,0.14610204280920872,2.140541840870516,6.363167162345917,29.32458008692143,-175.96240737374038,6.984994709586068,9.041666666666666,3,10,3,10,True,True
15__walk_down_hall_angry.mp4,real,0,0.0,0.4545925449060803,0.007883984500989812,-1.0,-1.0,-1.0,-1.0,-1.0,-1.0,22.875,5,0,5,0,True,False
15__walking_down_indoor_hall_disgust.mp4,real,50,103.52264557872034,0.7682859660375754,0.11041622366797198,5524.86583958068,47.79778207484396,149.71227294794107,23.367920913930508,179.09920682912153,51.61996730226126,57.958333333333336,695,695,695,695,True,True
01_02__outside_talking_still_laughing__YVGY8LOK.mp4,fake,18,75.26822558459422,0.37660155306236076,0.01186767173135622,3.7832425458949004,1.926822082264531,7.518783470254952,7.936637464313935,-176.38953166584335,-3.470608240220558,30.291666666666668,337,337,337,337,True,True
01_03__hugging_happy__ISF9SP4G.mp4,fake,12,59.50413223140496,0.5114110683647646,0.03075167822807343,11.530855601292615,20.128529110900732,15.012369497383217,21.754090400706982,-172.0464195764239,-30.74427857609001,25.208333333333332,289,289,289,289,True,True
16__exit_phone_room.mp4,real,0,0.0,0.3842149084189196,0.017979468930893843,0.10518899275867691,0.4917305149448428,0.7682315459998454,2.044403718061728,169.83354506874355,-5.969534983359694,23.833333333333332,5,290,5,290,True,True
01_11__walking_outside_cafe_disgusted__FAFWDR4W.mp4,fake,1,12.0,0.4925176070961905,0.0011111287650284476,0.1780765822430735,0.48203720105685244,1.7506492134391085,3.621005036577654,179.23925363662843,2.3566236630825497,10.0,96,96,96,96,True,True
01_03__podium_speech_happy__480LQD1C.mp4,fake,16,51.31403118040089,0.5310950719445661,0.014515790352193593,1.1889263965958783,0.7770792365582367,3.695939011292525,4.09941237347522,-177.18254230123915,-1.1857524455209276,37.416666666666664,436,436,436,436,True,True
01_03__talking_against_wall__JZUXXFRB.mp4,fake,20,68.32740213523132,0.5474279137742405,0.0057352487796824125,2.0242026409837006,0.5373981390470904,1.8114589898781932,2.851018234162904,-176.50178688105447,-0.6956027220329153,35.125,421,421,421,421,True,True
01_12__outside_talking_pan_laughing__TNI7KUZ6.mp4,fake,10,118.35616438356165,0.4229559306606904,0.008861963360162864,3.457617183578993,133.22636643880335,9.78846658227236,18.13030688468787,-176.59480207754035,-3.149669790107809,12.166666666666666,118,118,118,118,True,True
01_11__talking_against_wall__9229VVZ3.mp4,fake,18,61.494661921708186,0.6332768825057399,0.002041206737067712,1.946914295612599,1.1683090779700214,1.7510174405995136,3.2660822576734625,-176.72315678535983,-0.02467133375896701,35.125,421,421,421,421,True,True
01_21__walk_down_hall_angry__03X7CELV.mp4,fake,-1,-1.0,-1.0,-1.0,-1.0,-1.0,-1.0,-1.0,-1.0,-1.0,9.375,0,0,0,0,False,False
01_20__outside_talking_pan_laughing__OTGHOG4Z.mp4,fake,11,62.85714285714286,0.38719922180391153,0.011482036267395941,3.3782371284607438,99.43943167793158,7.584915869001841,15.136639798730986,-176.6379590189013,-4.983834106190735,21.0,243,243,243,243,True,True
01_27__walking_outside_cafe_disgusted__ZYCZ30C0.mp4,fake,3,44.800000000000004,0.5043610208785996,0.005443246344061408,0.09682083235082496,4.692769316748635,1.0007207908100053,4.095081442977876,-179.3680072963638,1.3356089919369225,9.375,92,92,92,92,True,True
01_20__outside_talking_still_laughing__FW94AIMJ.mp4,fake,22,89.1334250343879,0.3372459772247049,0.012493841778950408,3.4842683761325755,1.913894365607646,7.172365629705854,7.469748022143777,-176.25222226353338,-4.061515401302697,30.291666666666668,348,348,348,348,True,True
01_11__meeting_serious__9OM3VE0Y.mp4,fake,-1,-1.0,-1.0,-1.0,-1.0,-1.0,-1.0,-1.0,-1.0,-1.0,43.541666666666664,0,0,0,0,False,False
01_11__secret_conversation__4OJNJLOO.mp4,fake,-1,-1.0,-1.0,-1.0,-1.0,-1.0,-1.0,-1.0,-1.0,-1.0,37.541666666666664,0,0,0,0,False,False
01_27__hugging_happy__ZYCZ30C0.mp4,fake,17,84.56375838926175,0.4461503768379998,0.030505813803630558,8.476440451071689,11.196282215208669,15.333435082534864,16.784430702928795,-171.89558819829563,-32.7520718816052,24.833333333333332,286,286,286,286,True,True
01_27__outside_talking_still_laughing__ZYCZ30C0.mp4,fake,10,39.07734056987788,0.30204076240818234,0.013520280270220146,3.579965252925258,2.400234902187487,6.887095749467943,7.955179975853221,-176.10865035185924,-3.2629702467402013,30.708333333333332,352,352,352,352,True,True
02_01__secret_conversation__YVGY8LOK.mp4,fake,9,51.66926677067083,0.7166426235780499,0.01258338664903668,8.1193868673471,15.897638549215106,8.922007434423108,10.994735511222355,172.74389942612368,-53.597447856678016,26.708333333333332,245,245,245,245,True,True
02_03__walking_down_street_outside_angry__QH3Y0IG0.mp4,fake,1,157.2052401746725,0.34038829267567233,0.01851742343476633,4698.957366722085,4.426734007309413,365.0627031559884,24.2775637187263,-176.47749110845345,17.313144981400427,19.083333333333332,9,23,9,23,True,True
02_03__walking_outside_cafe_disgusted__QH3Y0IG0.mp4,fake,0,0.0,0.3326705344028191,0.010106232635288993,0.9088312210089343,2.3826114660819884,7.143138421787441,9.360814088873889,-178.1320991739292,10.46923414820398,20.791666666666668,10,26,10,26,True,True
02_06__podium_speech_happy__N8OSN8P6.mp4,fake,27,72.26765799256505,0.48233142943207674,0.02912707292638769,6.375214419260783,16.4442961671052,6.930330760376938,8.850293701036,-173.9069883488303,-1.5506989593721032,44.833333333333336,536,536,536,536,True,True
02_06__walking_and_outside_surprised__N8OSN8P6.mp4,fake,19,69.0909090909091,0.44465503605858103,0.026666554942144476,6.37676234957996,42.84355457335786,7.361074935977002,12.625897643835135,-176.21544267589428,-3.6817954663627677,33.0,393,393,393,393,True,True
02_06__walking_down_indoor_hall_disgust__U6MDWIHG.mp4,fake,20,70.15834348355664,0.41288910168307413,0.04426636940589669,4035.5674628711,29.980741228577294,72.56315513625347,15.447848663384272,-169.1630293265962,6.444309095502545,34.208333333333336,409,409,409,409,True,True
02_06__talking_angry_couch__GH8TGTBS.mp4,fake,25,56.33802816901409,0.6113744700994117,0.02997820675159309,34.24353996975157,25.948456588651457,8.7503522563839,16.276537432136415,168.91255340688784,28.005504968698627,53.25,639,639,639,639,True,True
02_06__talking_angry_couch__MKZTXQ2T.mp4,fake,21,47.286942924159504,0.6000576853843778,0.02645675533882394,37.23905704633039,35.14936267091586,9.066048473161755,15.621730112825432,168.95520723534764,27.212232749430672,53.291666666666664,639,639,639,639,True,True
02_07__walk_down_hall_angry__U7DEOZNV.mp4,fake,0,0.0,0.4323744552380944,0.002534715927337665,3800.8177961037036,2.839364336751117,249.01343726321136,15.467436834928787,-179.51859721667813,6.920656009581,8.666666666666666,7,20,7,20,True,True
02_09__exit_phone_room__HIH8YA82.mp4,fake,0,0.0,0.7897552651400345,0.06358794134850544,1.045422736717843,5.017792076388895,16.728337910836785,37.70481131976523,-177.66712721786342,19.360267119523296,11.041666666666666,3,15,3,15,True,True
02_07__walking_and_outside_surprised__1VMZUH1W.mp4,fake,23,66.84157416750757,0.44048006577060705,0.02370298055531655,5.985447062824952,46.254270715451945,6.075793391251223,13.756774025980821,-176.20177070907002,-5.797090693659178,41.291666666666664,494,494,494,494,True,True
02_07__walking_down_street_outside_angry__O4SXNLRL.mp4,fake,0,0.0,0.42852093778498085,0.0033999924976685454,-1.0,-1.0,-1.0,-1.0,-1.0,-1.0,20.166666666666668,5,0,5,0,True,False
02_09__kitchen_pan__HIH8YA82.mp4,fake,4,20.0,0.5565260928281838,0.009398404621159748,1.5899812523485084,52.57533507863001,3.9563009077828917,11.938952762719806,-176.80377588541833,-20.674225418281466,24.0,281,281,281,281,True,True
02_07__meeting_serious__1JCLEEBQ.mp4,fake,-1,-1.0,-1.0,-1.0,-1.0,-1.0,-1.0,-1.0,-1.0,-1.0,41.041666666666664,0,0,0,0,False,False
02_13__exit_phone_room__CP5HFV3K.mp4,fake,0,0.0,0.6874282485460791,0.002974485558994148,-1.0,-1.0,-1.0,-1.0,-1.0,-1.0,10.75,3,0,3,0,True,False
02_13__secret_conversation__CP5HFV3K.mp4,fake,-1,-1.0,-1.0,-1.0,-1.0,-1.0,-1.0,-1.0,-1.0,-1.0,1.375,0,0,0,0,False,False
02_13__outside_talking_pan_laughing__2YSYT2N3.mp4,fake,23,109.19431279620852,0.4092433152756744,0.012055859154751792,13.913216720744888,22.533776763390748,11.270038958222957,13.017926416460744,-174.7938066371832,-0.8912201876746115,26.375,303,303,303,303,True,True
02_15__exit_phone_room__I8G2LWD1.mp4,fake,-1,-1.0,-1.0,-1.0,1.659549389788634,20.884545564313783,24.22028969261521,85.32509364952847,-176.85508613012465,22.402380674025423,10.916666666666666,0,15,0,15,False,True
02_15__exit_phone_room__MZWH8ATN.mp4,fake,-1,-1.0,-1.0,-1.0,-1.0,-1.0,-1.0,-1.0,-1.0,-1.0,10.791666666666666,0,0,0,0,False,False
02_15__secret_conversation__MZWH8ATN.mp4,fake,-1,-1.0,-1.0,-1.0,-1.0,-1.0,-1.0,-1.0,-1.0,-1.0,1.5833333333333333,0,0,0,0,False,False
02_12__podium_speech_happy__9D2ZHEKW.mp4,fake,27,73.49716446124764,0.4965554100027118,0.012344452659671937,6.587115456800904,16.566346455693548,7.415608954629918,10.134425671945934,-174.25253197281097,0.2572683117200648,44.083333333333336,527,527,527,527,True,True
02_14__outside_talking_pan_laughing__3IUBEKCT.mp4,fake,23,106.75078864353311,0.38587646727959457,0.01191301074830455,13.332600911101961,24.54666813908399,11.14762771473901,13.503806623468309,-175.14838444133397,-0.41976071322047503,26.416666666666668,309,309,309,309,True,True
02_13__podium_speech_happy__2YSYT2N3.mp4,fake,27,72.33488372093024,0.5282626823364701,0.017773538803553417,6.661240740004682,15.286671739546692,7.427865949394383,10.547896741152059,-174.08944265825417,-1.070598843935358,44.791666666666664,535,535,535,535,True,True
02_15__outside_talking_pan_laughing__I8G2LWD1.mp4,fake,22,102.53164556962025,0.3838344177208864,0.017406659292165144,14.150067406902686,24.239143868643318,11.90529953849551,11.21988964429467,-175.04019569834358,-0.2818581478771878,26.333333333333332,308,308,308,308,True,True
02_15__outside_talking_pan_laughing__SB6PMCO0.mp4,fake,22,103.34928229665073,0.3833289745313628,0.014575480677104824,13.958049998826755,22.594950612855182,11.029879252348875,10.908912773343857,-175.0229013449986,-0.3667992196509498,26.125,305,305,305,305,True,True
02_15__talking_against_wall__HTG660F8.mp4,fake,15,43.63636363636364,0.6329281536899323,0.017196754092392682,0.8347201072240358,0.3991005674342938,1.8598228816704143,4.008432027442158,178.22402690212616,3.499753176086259,41.25,495,495,495,495,True,True
02_15__walk_down_hall_angry__TN2CWM3K.mp4,fake,0,0.0,0.4506773742999438,0.005688721724660437,5643.3991391120235,0.3816245461594809,308.3496520011875,18.76673334549101,162.90888408513558,8.453011417954537,8.666666666666666,7,21,7,21,True,True
02_15__talking_angry_couch__HTG660F8.mp4,fake,25,56.25,0.5823422549804431,0.03388007365499139,35.54792828597532,25.62462018855969,9.101650099555743,14.731269595629309,168.68209788902382,27.06314852766612,53.333333333333336,640,640,640,640,True,True
02_15__walking_and_outside_surprised__MZWH8ATN.mp4,fake,24,89.0721649484536,0.4014416047140598,0.022631531001274702,6.392052958922638,48.21211490412706,7.314565852652775,12.958444130689127,-176.34033920975872,-3.90757625166585,32.333333333333336,384,384,384,384,True,True
02_15__walking_and_outside_surprised__HTG660F8.mp4,fake,19,54.994974874371856,0.4444485000867478,0.026069453486978075,6.274249284814124,51.765832469980715,6.3379611968925245,13.817372973715436,-176.1178705876235,-5.785563040885977,41.458333333333336,496,496,496,496,True,True
02_15__talking_angry_couch__I8G2LWD1.mp4,fake,22,49.5774647887324,0.532739034593969,0.03294282356267509,33.67466175949858,20.862068044638633,9.022051723638029,15.173840705871095,168.27082266769253,28.777460858666597,53.25,639,639,639,639,True,True
02_15__walking_and_outside_surprised__I8G2LWD1.mp4,fake,31,90.91649694501018,0.42211278181949397,0.023891039059335796,6.151039599426491,55.25196434676986,6.4680772579675105,14.562291269004403,-176.1290389354603,-5.8686646780066605,40.916666666666664,489,489,489,489,True,True
02_18__exit_phone_room__OXMEEFUQ.mp4,fake,-1,-1.0,-1.0,-1.0,-1.0,-1.0,-1.0,-1.0,-1.0,-1.0,10.791666666666666,0,0,0,0,False,False
02_18__outside_talking_pan_laughing__OXMEEFUQ.mp4,fake,23,106.2480376766091,0.3993798693447915,0.008090281050537678,12.506352084057609,23.31163544982737,11.094331234091095,11.195125263506457,-174.99052403763477,0.06772309117783,26.541666666666668,310,310,310,310,True,True
02_21__kitchen_pan__Z0XHPQAR.mp4,fake,3,15.052264808362368,0.5736798304818054,0.0025978608304824003,1.6660554795302098,54.79369950390193,4.077707455029234,11.778319103215521,-176.8397592810934,-23.81514637199542,23.916666666666668,283,283,283,283,True,True
02_18__walking_down_street_outside_angry__21JTDDEL.mp4,fake,1,157.2052401746725,0.3418395044979158,0.010627727559789416,8555.107919387927,7.080616043784401,640.7752142726363,24.31211702839934,179.5637848128811,16.13233945657624,19.083333333333332,9,24,9,24,True,True
02_27__walk_down_hall_angry__78M8S6M6.mp4,fake,0,0.0,0.360126300134546,0.0021113256659786024,3794.09331033723,3.4921704996472585,248.88533213412862,24.8031882808948,179.91126041487,9.999122888870689,8.666666666666666,7,20,7,20,True,True
02_27__hugging_happy__GVFLSZD5.mp4,fake,9,37.83941605839416,0.4579644476739011,0.022197023455630256,7.819168167249931,22.98381656993966,6.205040103249446,11.861569781189441,-170.72366267819785,-32.124333475437446,28.541666666666668,326,326,326,326,True,True
02_25__talking_against_wall__Z7FQ69VP.mp4,fake,15,43.63636363636364,0.6372595619501173,0.007274787044587532,0.833251375895358,0.6924519674470107,1.7132750770563223,4.088035807204968,178.3966330165979,2.116295552257962,41.25,495,495,495,495,True,True
02_21__talking_angry_couch__Z0XHPQAR.mp4,fake,23,52.19858156028369,0.523678663778078,0.01103688035642769,27.042042461179406,22.575678685226755,9.505276357228002,15.877669178566794,169.28216992954856,32.30749606192545,52.875,634,634,634,634,True,True
03_04__outside_talking_pan_laughing__T04P6ELC.mp4,fake,-1,-1.0,-1.0,-1.0,-1.0,-1.0,-1.0,-1.0,-1.0,-1.0,29.708333333333332,0,0,0,0,False,False
03_01__walking_and_outside_surprised__JZUXXFRB.mp4,fake,43,119.77818853974122,0.45075530192649765,0.044520421234618426,3060.7109987634444,141.2911512368361,81.80195934719893,25.1713469860864,-179.14985716055776,33.33452842264001,45.083333333333336,515,515,515,515,True,True
03_06__podium_speech_happy__83ABVHC3.mp4,fake,23,80.66746126340881,0.5504214702000525,0.01405703755959318,8.896504175743855,2.632579969875436,9.09889359091279,7.108602456037112,174.32249962397898,-4.303377420098105,34.958333333333336,403,403,403,403,True,True
03_07__hugging_happy__BKLOCI1M.mp4,fake,32,113.07975460122698,0.4506907480371362,0.010202816741346678,3339.05988914015,15.919738745658105,88.39031502684348,11.697808791197668,179.44092968088646,-24.839524901446286,33.958333333333336,407,407,407,407,True,True
03_06__meeting_serious__83ABVHC3.mp4,fake,-1,-1.0,-1.0,-1.0,-1.0,-1.0,-1.0,-1.0,-1.0,-1.0,40.0,0,0,0,0,False,False
03_07__walking_outside_cafe_disgusted__CDSNLDQ8.mp4,fake,11,53.16923076923077,0.4676969874400442,0.009304910168132672,0.2758197174615129,1.2874087859030028,2.033581686129287,4.044639234990781,178.78127242498243,-4.094948496452899,27.083333333333332,293,293,293,293,True,True
03_04__talking_angry_couch__T04P6ELC.mp4,fake,43,85.23055746730901,0.4829292534094713,0.03572260168957189,7.151975123769322,4.888080637417035,7.427876858680956,10.55251577520885,173.51550735669989,20.737111376615463,60.541666666666664,726,726,726,726,True,True
03_07__walking_down_indoor_hall_disgust__PWXXULHR.mp4,fake,36,107.92607802874743,0.4490297995535116,0.045541585264058694,2778.935254473271,922.2957358318502,69.88877674263411,19.104058865285538,-178.45153218691485,8.170110023635512,40.583333333333336,478,478,478,478,True,True
03_07__walking_outside_cafe_disgusted__IFSURI9X.mp4,fake,11,52.04819277108434,0.46555429575695323,0.010538376018754507,0.3764196599020391,1.3402197631177086,1.9936700701542036,4.137200709639132,178.52570427423962,-3.56177761787955,27.666666666666668,294,294,294,294,True,True
03_07__walking_outside_cafe_disgusted__PWXXULHR.mp4,fake,11,52.65822784810127,0.4936318973741235,0.011304111375059921,0.4982301850291042,1.8185192304359123,2.034649084369001,4.538340918602098,178.4872676479326,-4.1769281856332965,29.625,294,294,294,294,True,True
03_07__walk_down_hall_angry__6PHZRQ4H.mp4,fake,1,358.3856502242153,0.3082038996390529,0.01710405760977146,-1.0,-1.0,-1.0,-1.0,-1.0,-1.0,18.583333333333332,4,0,4,0,True,False
03_07__walk_down_hall_angry__IFSURI9X.mp4,fake,1,358.3856502242153,0.22758623956684432,0.012141644897464008,-1.0,-1.0,-1.0,-1.0,-1.0,-1.0,18.583333333333332,4,0,4,0,True,False
03_11__exit_phone_room__P08VGHTA.mp4,fake,0,0.0,0.6284239375967897,0.030984602625851128,0.16820522654438225,1.0894657330855748,1.6010154867507729,3.9410418561516956,179.3296439469849,-2.6451385819027124,22.166666666666668,67,67,67,67,True,True
03_13__kitchen_pan__GBYWJW06.mp4,fake,6,32.42026266416511,0.6092040392856454,0.0024209529325146676,2.8189983919198585,31.664555425156745,6.206558727519986,14.667831920148979,176.46695114052363,-20.641307318014558,22.208333333333332,265,265,265,265,True,True
03_09__outside_talking_still_laughing__RCETIXYL.mp4,fake,-1,-1.0,-1.0,-1.0,-1.0,-1.0,-1.0,-1.0,-1.0,-1.0,39.166666666666664,0,0,0,0,False,False
03_11__talking_against_wall__P08VGHTA.mp4,fake,27,85.45054945054946,0.6052534174863438,0.009997733668854897,0.6729326302867934,0.8504408449779945,2.755823325435244,4.709863102132582,176.14863479571724,-2.709409688360518,37.916666666666664,455,455,455,455,True,True
03_09__secret_conversation__RCETIXYL.mp4,fake,-1,-1.0,-1.0,-1.0,-1.0,-1.0,-1.0,-1.0,-1.0,-1.0,33.125,0,0,0,0,False,False
03_13__meeting_serious__GBYWJW06.mp4,fake,-1,-1.0,-1.0,-1.0,-1.0,-1.0,-1.0,-1.0,-1.0,-1.0,39.916666666666664,0,0,0,0,False,False
03_13__meeting_serious__T3MZOI8X.mp4,fake,-1,-1.0,-1.0,-1.0,-1.0,-1.0,-1.0,-1.0,-1.0,-1.0,40.0,0,0,0,0,False,False
03_14__podium_speech_happy__Q9NSXM88.mp4,fake,18,61.78784266984505,0.5731291211463958,0.0053768881088067325,9.05969963820004,2.7173866131143316,9.319933617634065,7.38901986984215,174.08626432199085,-4.502790543683536,34.958333333333336,419,419,419,419,True,True
03_14__talking_against_wall__ZC2KYASW.mp4,fake,23,72.7912087912088,0.5462936109072949,0.003890477893296562,0.6184298791780423,0.6608661678637902,2.6093174800148247,4.296959765008645,176.80908224792293,-4.005477135270616,37.916666666666664,455,455,455,455,True,True
03_13__outside_talking_still_laughing__GBYWJW06.mp4,fake,-1,-1.0,-1.0,-1.0,-1.0,-1.0,-1.0,-1.0,-1.0,-1.0,39.166666666666664,0,0,0,0,False,False
03_14__walk_down_hall_angry__P1L5PF4I.mp4,fake,0,0.0,0.3645986887630875,0.004783912442418213,-1.0,-1.0,-1.0,-1.0,-1.0,-1.0,19.0,5,0,5,0,True,False
03_15__kitchen_pan__AIOM1U5V.mp4,fake,10,53.93258426966292,0.6671825558880762,0.006879310498291761,1.4239906970998026,13.740175148557164,5.713495003343893,14.155832320309575,177.33034083574975,-22.690355269586952,22.25,266,266,266,266,True,True
03_15__kitchen_pan__DNUJD8M2.mp4,fake,14,75.64727954971858,0.6826372695235469,0.007226811800350403,4750.495279762204,23.028843263313423,123.56164369878861,16.364261356087045,168.03696874401376,-24.303063583391168,22.208333333333332,265,265,265,265,True,True
03_14__walking_down_street_outside_angry__H0VQHGS3.mp4,fake,-1,-1.0,-1.0,-1.0,-1.0,-1.0,-1.0,-1.0,-1.0,-1.0,39.291666666666664,0,0,0,0,False,False
03_15__outside_talking_pan_laughing__Y11NT1YX.mp4,fake,-1,-1.0,-1.0,-1.0,-1.0,-1.0,-1.0,-1.0,-1.0,-1.0,29.708333333333332,0,0,0,0,False,False
03_18__walking_outside_cafe_disgusted__22UBC0BS.mp4,fake,4,18.253521126760567,0.42097816295598117,0.0018266622307941335,0.36739708947819516,1.5796794813998931,2.0952594414122405,4.194778957342188,178.71622480686196,-3.821085503493382,29.583333333333332,293,293,293,293,True,True
03_18__walking_and_outside_surprised__8HNSXOBW.mp4,fake,18,67.85340314136126,0.4915923647322223,0.015520423711432876,1.207406255075969,3.9571414037562582,5.084653104138352,8.189201200255518,178.45114939300058,-12.58897258443986,31.833333333333332,378,378,378,378,True,True
03_15__podium_speech_happy__DG8ITQO3.mp4,fake,23,78.95113230035756,0.645001723604443,0.006704015980790215,8.768718694380661,2.705670484192074,8.708237924523624,7.318762112092083,173.99038016805034,-4.05194111876342,34.958333333333336,419,419,419,419,True,True
03_21__exit_phone_room__YCSEBZO4.mp4,fake,0,0.0,0.4043500763810292,0.02387987741747118,0.19059758951698985,0.25633009329047945,2.1309560308174698,2.5120225423776175,179.00611148629076,-4.467987421342465,22.625,34,34,34,34,True,True
03_15__outside_talking_still_laughing__DNUJD8M2.mp4,fake,-1,-1.0,-1.0,-1.0,-1.0,-1.0,-1.0,-1.0,-1.0,-1.0,39.291666666666664,0,0,0,0,False,False
03_21__kitchen_pan__YCSEBZO4.mp4,fake,13,70.2439024390244,0.49601718897046715,0.008259983437638445,3727.5400643496628,19.245527636098597,101.55748578937869,11.632219016721807,178.7258575294377,-23.98246052657141,22.208333333333332,265,265,265,265,True,True
03_26__kitchen_pan__WBSXBL82.mp4,fake,2,10.847457627118644,0.5910492026885663,0.0013672856690508971,2.600767718087109,52.61959261963658,6.946618805347013,19.026030021287603,176.68698013153957,-18.40123366442233,22.125,264,264,264,264,True,True
03_26__kitchen_still__WBSXBL82.mp4,fake,7,21.10994764397906,0.5877772645002732,0.0020818049779368596,3.867567573078788,8.483433212301376,5.084513884551466,13.41812739421563,176.13848649782528,-21.547434663256823,39.791666666666664,477,477,477,477,True,True
03_27__walk_down_hall_angry__IL675GCI.mp4,fake,0,0.0,0.3431105186933051,0.009421107453636342,-1.0,-1.0,-1.0,-1.0,-1.0,-1.0,18.583333333333332,4,0,4,0,True,False
03_26__talking_against_wall__WBSXBL82.mp4,fake,14,44.30769230769231,0.5826178594985174,0.002737381407382232,0.5525215067705068,0.7904866395950043,2.657103974240962,4.670266437087809,176.79028870469588,-6.3771747870299516,37.916666666666664,455,455,455,455,True,True
03_21__meeting_serious__V53E3RVB.mp4,fake,-1,-1.0,-1.0,-1.0,-1.0,-1.0,-1.0,-1.0,-1.0,-1.0,40.0,0,0,0,0,False,False
03_21__secret_conversation__YCSEBZO4.mp4,fake,-1,-1.0,-1.0,-1.0,-1.0,-1.0,-1.0,-1.0,-1.0,-1.0,33.166666666666664,0,0,0,0,False,False
04_01__exit_phone_room__0XUW13RW.mp4,fake,5,52.774869109947645,0.4864327645370866,0.004001035820666125,0.1256138262954223,0.6770154175593339,1.0708606861525642,2.4760780878076747,-179.31237980701582,2.320328115063419,15.916666666666666,130,130,130,130,True,True
03_27__walking_down_indoor_hall_disgust__IL675GCI.mp4,fake,22,50.75328265376642,0.58554031220151,0.0414383623091842,3434.796345741676,281.2370791251719,99.41265313771602,17.327178390124043,-176.69220146200223,-33.56347719515033,60.291666666666664,620,620,620,620,True,True
04_01__kitchen_still__6I623VU9.mp4,fake,21,72.0,0.49245827110506624,0.007252673190400558,6.632451177881326,7.992910112231604,5.774445294839773,10.96758061423345,-174.64185322181322,-19.496512625598243,35.0,420,420,420,420,True,True
04_07__exit_phone_room__ITC0C48B.mp4,fake,5,52.68292682926829,0.49905677096707246,0.002098837326779717,0.1949832118848048,0.6489404263175823,1.1136171318418218,2.8785403476944422,-179.20236228288303,1.0931456015419032,13.666666666666666,127,127,127,127,True,True
04_06__kitchen_still__ZK95PQDE.mp4,fake,17,58.285714285714285,0.6316852097461847,0.009373929545669457,6.695730893756025,5.890293118795701,5.466229908538524,10.306044518230172,-174.56989263900184,-19.741523468007728,35.0,420,420,420,420,True,True
04_01__outside_talking_still_laughing__0XUW13RW.mp4,fake,-1,-1.0,-1.0,-1.0,-1.0,-1.0,-1.0,-1.0,-1.0,-1.0,33.75,0,0,0,0,False,False
04_01__outside_talking_still_laughing__6I623VU9.mp4,fake,-1,-1.0,-1.0,-1.0,-1.0,-1.0,-1.0,-1.0,-1.0,-1.0,33.75,0,0,0,0,False,False
04_07__kitchen_pan__XRK7FGZX.mp4,fake,6,35.92515592515592,0.5912381828788292,0.009283982098850388,8.688068065734504,12.698554310478617,7.73611525468477,14.414375727944547,176.299210938056,-17.075778119365545,20.041666666666668,238,238,238,238,True,True
04_01__secret_conversation__6I623VU9.mp4,fake,-1,-1.0,-1.0,-1.0,-1.0,-1.0,-1.0,-1.0,-1.0,-1.0,35.916666666666664,0,0,0,0,False,False
04_12__walking_down_street_outside_angry__96TQKDFJ.mp4,fake,0,0.0,0.4583245744484118,0.005782538786285205,-1.0,-1.0,-1.0,-1.0,-1.0,-1.0,18.875,4,0,4,0,True,False
04_13__walking_outside_cafe_disgusted__00T3UYOR.mp4,fake,0,0.0,0.39653271354273784,0.0027587240558112494,9195.004545516189,8.889060517751911,894.489844640621,44.509389781319975,177.8516801919309,-3.2305801053004477,15.291666666666666,5,18,5,18,True,True
04_13__walking_down_street_outside_angry__00T3UYOR.mp4,fake,0,0.0,0.5492821474867197,0.0020816532916468765,1.9235603237546115,12.657150225761145,17.75847166767191,22.982626210345174,176.00755408351972,1.8516512358320867,18.083333333333332,4,24,4,24,True,True
04_13__podium_speech_happy__00T3UYOR.mp4,fake,21,69.52789699570815,0.5108515553607553,0.009278579335411647,1.7681225099660178,2.7329125419076448,4.891193960997424,8.6283001860806,177.4656215091067,1.5154620801634826,38.833333333333336,428,428,428,428,True,True
04_18__kitchen_still__NAXINA1N.mp4,fake,15,51.42857142857142,0.5910817296283635,0.004539966007426441,7.080346406810745,5.076822049493037,5.646176816169622,9.735105764959961,-175.0281972429285,-17.78860594243278,35.0,420,420,420,420,True,True
05_16__exit_phone_room__B62WCGUN.mp4,fake,2,24.88888888888889,0.5905615383103126,0.0075834210482376525,0.8071071165785011,1.497166947435691,2.7083697281914856,5.1816922413132875,-175.03794339499598,4.2985974476614075,16.875,111,111,111,111,True,True
04_21__walking_down_street_outside_angry__5Y31RZP8.mp4,fake,1,238.47133757961782,0.38730908306311784,0.015579994999342558,-1.0,-1.0,-1.0,-1.0,-1.0,-1.0,19.625,6,0,6,0,True,False
04_13__secret_conversation__00T3UYOR.mp4,fake,-1,-1.0,-1.0,-1.0,-1.0,-1.0,-1.0,-1.0,-1.0,-1.0,35.875,0,0,0,0,False,False
05_08__talking_against_wall__PRBCE28Z.mp4,fake,15,51.73652694610779,0.5622075446559995,0.0037811835179327943,0.44009205516999866,1.3778386127277757,3.032042633173169,6.169118434955835,-178.716553830534,-0.6080090294370205,34.791666666666664,417,417,417,417,True,True
04_26__outside_talking_still_laughing__WX836VLY.mp4,fake,-1,-1.0,-1.0,-1.0,-1.0,-1.0,-1.0,-1.0,-1.0,-1.0,33.75,0,0,0,0,False,False
05_16__walk_down_hall_angry__OSXCUOHX.mp4,fake,0,0.0,0.4335158433116759,0.002403146759965019,-1.0,-1.0,-1.0,-1.0,-1.0,-1.0,17.5,3,0,3,0,True,False
05_16__walk_down_hall_angry__U9WZI5LK.mp4,fake,0,0.0,0.5383902971911415,0.006489149909354758,-1.0,-1.0,-1.0,-1.0,-1.0,-1.0,17.5,3,0,3,0,True,False
05_28__exit_phone_room__U9LRLJ6N.mp4,fake,4,32.0,0.467071399958229,0.0025785503289563454,1.4049993927414919,2.062616042475992,2.855530672478266,5.50333959411004,-175.42830636026602,5.582155302718857,16.875,163,163,163,163,True,True
05_17__hugging_happy__YTJYYDO9.mp4,fake,18,63.529411764705884,0.500016358815403,0.00793613007160211,9.653177790469393,20.11774132327901,9.551683139104043,14.892713741366634,-173.30802478711024,-25.046668189028136,34.0,408,408,408,408,True,True
05_17__walking_down_street_outside_angry__M3H96PDQ.mp4,fake,0,0.0,0.40983378375341156,0.004850835276092441,-1.0,-1.0,-1.0,-1.0,-1.0,-1.0,27.291666666666668,7,0,7,0,True,False
06_02__walk_down_hall_angry__37DH75GQ.mp4,fake,0,0.0,0.5696260517757171,0.023480344526016154,1914.448338771936,18.52087823715097,117.17609229579526,52.56357572655395,175.1443106488163,12.449778299293369,12.541666666666666,5,18,5,18,True,True
05_28__kitchen_still__W3J028UG.mp4,fake,13,42.78857142857142,0.5413719971506682,0.01636846571190723,3.613973035222717,4.853682975207432,2.84205603685366,6.473912638084234,-175.40907808975328,-7.648087464944257,36.458333333333336,437,437,437,437,True,True
06_07__exit_phone_room__NMGYPBXE.mp4,fake,3,44.30769230769231,0.49182833380929536,0.020679853794863968,0.4999509925808988,2.4593624800080147,2.14800819896478,4.305326869982114,176.85878763583307,5.290475299069801,10.833333333333334,93,93,93,93,True,True
06_04__walking_outside_cafe_disgusted__ZK95PQDE.mp4,fake,6,73.14285714285715,0.25986927000760757,0.009746737353246155,0.6260291094888326,1.649073223346826,1.85597631029971,4.492959623384071,177.00716761673715,0.46945557144623423,13.125,115,115,115,115,True,True
06_04__outside_talking_still_laughing__ZK95PQDE.mp4,fake,11,146.3677130044843,0.326720366362958,0.010587247334727658,4.979631145272245,8.696642847171123,11.989164216433098,14.932335486295358,175.29461031242803,-0.9770837338748819,27.875,108,108,108,108,True,True
06_03__talking_against_wall__4I8LRXWF.mp4,fake,26,88.61538461538461,0.5238862907709352,0.029201742369881,10.29384767786173,14.208207639381293,5.802647532704822,8.509584649003829,174.43358589469216,-0.8543929231452309,35.208333333333336,422,422,422,422,True,True
06_11__walking_outside_cafe_disgusted__MX659QU8.mp4,fake,5,59.42857142857143,0.36256502872475793,0.016522573681293895,1.7973804037090024,2.3811247971867595,2.1371213668058013,5.004249157981859,176.57314977000465,-1.2276008288719926,13.125,119,119,119,119,True,True
06_02__podium_speech_happy__N8OSN8P6.mp4,fake,39,90.64541832669323,0.5600530699215946,0.01273462671474229,3.804511722787826,6.656260618792865,5.506300254740139,9.575692684490823,176.0640737795628,1.5586202292962281,52.291666666666664,616,616,616,616,True,True
06_12__outside_talking_pan_laughing__3K21NFNM.mp4,fake,18,103.20819112627986,0.44349835477994876,0.014857042018506465,15.45207423442142,51.84357019492708,9.939522070296002,12.212614722679302,173.7857445974452,-0.2355752683219119,24.416666666666668,248,248,248,248,True,True
06_07__kitchen_pan__NMGYPBXE.mp4,fake,18,75.23947750362845,0.5288728010217358,0.024845587059025186,3430.491207959297,203.71645532782662,50.4399378366693,14.268317826061699,173.32335675745256,-18.26314124932771,28.708333333333332,342,342,342,342,True,True
06_07__walking_down_street_outside_angry__NMGYPBXE.mp4,fake,3,226.83185840707964,0.4318592300111001,0.01873966665706687,0.6491264661185197,3.407669208371058,8.75499496874046,15.444214271985262,176.7707052778398,6.447418553561235,23.541666666666668,19,43,19,43,True,True
06_14__outside_talking_pan_laughing__8U9ULZDT.mp4,fake,21,99.71014492753623,0.40786449051673196,0.022739128955313454,13.022989802465501,68.06777516699601,9.003926920046656,13.416889605466418,174.11357237612975,-1.7573794615155411,25.875,299,299,299,299,True,True
06_15__exit_phone_room__QRCD27P8.mp4,fake,4,60.45801526717558,0.577381117016374,0.03555063018481505,0.19858652989724004,1.0300693857445895,1.666601707913144,4.140298030601427,175.34993776237235,4.778315950478338,10.916666666666666,93,93,93,93,True,True
06_12__podium_speech_happy__0VR4Y891.mp4,fake,32,74.38256658595643,0.6056320640400628,0.012304754343081268,4.0940112392194905,5.142746649172381,5.995892956205282,9.863844431677423,175.928952209176,0.9343954440611623,51.625,616,616,616,616,True,True
06_12__podium_speech_happy__3K21NFNM.mp4,fake,44,104.01284109149277,0.5461193533271183,0.02444933129192531,3.845105487858736,6.867183455699174,5.89956956167981,9.750335534583437,176.03842622633252,2.1870315274836982,51.916666666666664,609,609,609,609,True,True
06_14__walking_and_outside_surprised__8U9ULZDT.mp4,fake,27,79.59058341862846,0.6657645984578094,0.29241590866337286,3534.1518072685153,357.1735450799715,103.64534106233806,16.591218093239576,179.48875871089132,-20.301121309038447,40.708333333333336,486,486,486,486,True,True
06_15__outside_talking_still_laughing__QRCD27P8.mp4,fake,13,148.0,0.38195524941878484,0.0270624806854767,3.7902983227864877,7.583889371809427,11.098825882893308,13.594589302079944,175.11954299678496,0.6836258871093908,30.0,125,125,125,125,True,True
06_18__outside_talking_pan_laughing__DEA1TCLN.mp4,fake,25,119.80799999999999,0.3816258113125907,0.021863865543548123,14.717087209019082,60.73234210977346,9.538247929954514,12.401695200756954,174.06851402354445,-1.4294837105448144,26.041666666666668,298,298,298,298,True,True
06_14__walking_down_indoor_hall_disgust__8U9ULZDT.mp4,fake,30,63.62297496318115,0.4530777323467779,0.04533417630712286,39.056808261504116,322.05095551667006,9.289057947433827,16.36816029664476,169.3677859109273,22.316323048990107,56.583333333333336,678,678,678,678,True,True
06_15__walking_and_outside_surprised__QRCD27P8.mp4,fake,32,93.4685598377282,0.6296889592627058,1.1189516362171226,11.66539154531034,307.32968817443475,9.354614408157211,19.433167754173333,176.46075030297087,-17.98435900660645,41.083333333333336,490,490,490,490,True,True
06_18__outside_talking_still_laughing__M36D0OJT.mp4,fake,7,108.92586989409985,0.4201484704276141,0.007997763410431265,2.145761210441742,3.272282819631612,8.556603156235724,9.930987258469079,175.7616498224343,-0.0879845486412013,27.541666666666668,91,91,91,91,True,True
06_18__walk_down_hall_angry__LH0KWJKM.mp4,fake,0,0.0,0.4629865716437641,0.010727439866299326,2.481900969271957,6.316235901724466,25.908390718301774,47.82167772709324,176.30888384065395,14.068420816495173,12.541666666666666,5,18,5,18,True,True
06_25__outside_talking_pan_laughing__MI9BDQ7M.mp4,fake,26,133.55817875210792,0.35543572905557363,0.020324825428498467,13.669322834277233,59.03057874957107,9.89933613711512,14.754849288767712,173.86456963749245,-0.44668831556905414,24.708333333333332,280,280,280,280,True,True
06_20__kitchen_pan__6SUW7063.mp4,fake,22,92.36151603498543,0.5707543128040103,0.01836911406574223,2370.2705091002476,56.45198710411394,52.356718840652654,18.882260594357447,179.554164631919,-13.098545240943638,28.583333333333332,339,339,339,339,True,True
06_18__podium_speech_happy__DEA1TCLN.mp4,fake,45,104.41434262948208,0.4927978477693976,0.02759161605187299,4.312939517404098,6.823657000233963,6.095164777943728,9.688504633623209,175.94387853150255,1.220445547055467,52.291666666666664,614,614,614,614,True,True
06_26__kitchen_pan__L5BVR5L9.mp4,fake,19,79.65065502183405,0.5520397542023614,0.01815738194824974,10.640084504411172,163.32192857954863,6.047445702140454,11.388327322664884,175.54196292523278,-17.732120073417942,28.625,340,340,340,340,True,True
06_25__walking_and_outside_surprised__MI9BDQ7M.mp4,fake,27,79.672131147541,0.6185655158495938,0.3036841051322778,6.630654260946512,258.7755047208186,8.15780581103755,17.07817724682618,176.76551542149159,-14.934170081717767,40.666666666666664,485,485,485,485,True,True
06_25__talking_angry_couch__MI9BDQ7M.mp4,fake,46,112.55734919286321,0.5020747849466982,0.017874750478612044,13.912556398851258,28.27292144180191,7.677209037734615,12.792382477659777,172.76267251098372,22.478920789743697,49.041666666666664,588,588,588,588,True,True
06_26__kitchen_still__L5BVR5L9.mp4,fake,31,97.57377049180327,0.5536869151429656,0.017606332629262613,6.5929913717732695,11.916997002483532,6.7160007421533425,11.352618164859246,-175.28078879585362,-17.11786793182055,38.125,457,457,457,457,True,True
06_27__walking_and_outside_surprised__O7L5Z9U8.mp4,fake,25,71.85628742514969,0.6417539962211589,0.47956998601093953,8.50856353457156,340.24769161443567,8.42553270269968,19.21435011899722,176.62057149524702,-15.679475595896973,41.75,498,498,498,498,True,True
06_27__talking_angry_couch__JOG5PB18.mp4,fake,48,117.15254237288136,0.4515574865449455,0.020583247223325368,16.95643975876123,33.48523749760219,8.182811691054157,13.380820052532966,171.32930606963268,24.860401955023615,49.166666666666664,590,590,590,590,True,True
07_02__walking_down_street_outside_angry__O4SXNLRL.mp4,fake,0,0.0,0.39874283622268525,0.0057837042455255155,-1.0,-1.0,-1.0,-1.0,-1.0,-1.0,24.166666666666668,4,0,4,0,True,False
07_03__hugging_happy__7NGMD8FT.mp4,fake,21,82.96296296296296,0.3628134052570325,0.02655478427859008,47.78310860825389,14.786664950359837,18.70902761968729,19.521225456771244,168.78670800656477,-31.678001319349946,30.375,359,359,359,359,True,True
07_02__talking_angry_couch__1H07DFQJ.mp4,fake,22,40.43395022335673,0.5109729161383832,0.028670281103093918,9.022491770038654,27.8853689669719,7.834037472297243,12.934257384499555,171.88545177548576,19.05288050488063,65.29166666666667,778,778,778,778,True,True
07_03__walking_outside_cafe_disgusted__F0YYEA5W.mp4,fake,6,51.320754716981135,0.2761907208450545,0.002141467319039081,0.3959096542437199,2.859910697854562,1.9060261565407524,4.345113448157585,175.1301249828792,-0.5333728146866513,19.875,166,166,166,166,True,True
07_03__outside_talking_pan_laughing__IFSURI9X.mp4,fake,-1,-1.0,-1.0,-1.0,21.71337524682432,47.685753635933,16.556392709734077,22.33506732568651,168.41593743481158,9.721362369891821,29.291666666666668,0,197,0,197,False,True
07_03__podium_speech_happy__6PHZRQ4H.mp4,fake,23,74.73586654309545,0.4638119275589575,0.012368208459159974,8.456315698951391,18.559403470379774,7.293616331151616,16.138709166234175,175.94555932065245,-3.31708250584963,44.958333333333336,438,438,438,438,True,True
07_03__secret_conversation__IFSURI9X.mp4,fake,-1,-1.0,-1.0,-1.0,-1.0,-1.0,-1.0,-1.0,-1.0,-1.0,28.5,0,0,0,0,False,False
07_06__kitchen_pan__NMGYPBXE.mp4,fake,6,32.48120300751879,0.6074324829830711,0.059764308999879626,8.885912776245139,83.89658735148353,7.274143603446245,13.86674924346305,-170.5613717399316,-15.111021682429048,22.166666666666668,265,265,265,265,True,True
07_06__outside_talking_still_laughing__NMGYPBXE.mp4,fake,8,74.10526315789474,0.30320828722731263,0.01927954458830513,30.863345838389627,10.15164849445289,15.809790499762256,14.579951177890333,171.12901270398527,-2.214335696696197,35.625,153,153,153,153,True,True
07_06__walking_down_street_outside_angry__NMGYPBXE.mp4,fake,-1,-1.0,-1.0,-1.0,-1.0,-1.0,-1.0,-1.0,-1.0,-1.0,23.458333333333332,0,0,0,0,False,False
07_03__talking_angry_couch__WPT3Z2KN.mp4,fake,26,48.49740932642488,0.4704270438865087,0.03959728415257462,8.943066615253397,26.651012756943384,8.180197230286382,12.380481270222893,172.09433831302445,18.25904843057493,64.33333333333333,766,766,766,766,True,True
07_13__walking_outside_cafe_disgusted__RVQCPCJF.mp4,fake,6,51.18483412322275,0.36013948426203357,0.002502953828622112,0.3045000719968098,2.4657889953732703,2.042647961665517,4.719618962178513,176.39289557924047,0.4213591973842562,17.583333333333332,165,165,165,165,True,True
07_09__outside_talking_still_laughing__N9CWME71.mp4,fake,9,47.04784130688448,0.3543999796357799,0.007798580090205035,23.575958221877165,12.426547517843716,14.971557636141071,18.4190825714921,172.1943491228011,-1.9740455758417108,35.708333333333336,271,271,271,271,True,True
07_09__walk_down_hall_angry__N9CWME71.mp4,fake,0,0.0,0.5167202572673175,0.01664256196635992,-1.0,-1.0,-1.0,-1.0,-1.0,-1.0,23.333333333333332,3,0,3,0,True,False
07_14__exit_phone_room__P9QFO50U.mp4,fake,2,14.58227848101266,0.5956130547792211,0.002775909590677791,0.45809651771889837,0.3865413976424931,1.8647283621943784,2.6923934025782326,174.80157603488644,5.127582133453564,16.458333333333332,159,159,159,159,True,True
07_12__outside_talking_still_laughing__0VN0A2T3.mp4,fake,-1,-1.0,-1.0,-1.0,22.902259659416973,19.098494406334698,20.037295823109343,26.142972503355683,171.67171856354685,-4.437745392889822,25.541666666666668,0,543,0,543,False,True
07_21__exit_phone_room__K7KXUHMU.mp4,fake,0,0.0,0.44035223361032394,0.00047800390492778577,0.855524624921094,1.6214064240302193,2.3583144568275216,3.5180042528199307,173.9354564402655,4.003474449322319,16.791666666666668,166,166,166,166,True,True
07_14__talking_against_wall__P9QFO50U.mp4,fake,12,45.533596837944664,0.46609371022274676,0.01926764628118194,14.903225533683049,3.6172891449727693,9.91987449622541,7.126874457844812,170.17790773114027,-2.762188912177822,31.625,379,379,379,379,True,True
07_15__hugging_happy__9Z2MLKVX.mp4,fake,15,59.75103734439834,0.4901535164662027,0.03574803486599669,48.60585314950536,14.709944295437106,18.357197726128735,19.007030379401908,168.04922584418998,-31.972595906861113,30.125,357,357,357,357,True,True
07_20__talking_against_wall__KV6Q7D6C.mp4,fake,12,46.45161290322581,0.4410789966424582,0.01089903905728022,15.054210029563121,4.232894825825715,10.209170181755356,7.9414779754065075,169.85526768693407,-3.3110676038291955,31.0,372,372,372,372,True,True
07_20__outside_talking_pan_laughing__KV6Q7D6C.mp4,fake,-1,-1.0,-1.0,-1.0,-1.0,-1.0,-1.0,-1.0,-1.0,-1.0,29.333333333333332,0,0,0,0,False,False
07_21__outside_talking_still_laughing__K7KXUHMU.mp4,fake,15,141.58273381294964,0.22447652476074711,0.0023418794948734125,32.386192871315465,8.969518865910286,16.672226108857075,13.567137533551428,170.90263414189553,-2.4061496912304148,34.75,151,151,151,151,True,True
07_21__talking_against_wall__MKU99DVX.mp4,fake,11,48.58895705521472,0.38017586307719947,0.006033561391141096,15.342154080029399,4.87162847148925,11.373939061654117,8.473344661663875,169.83447160286053,-3.0972727491933423,27.166666666666668,326,326,326,326,True,True
07_25__walk_down_hall_angry__PAE9HCA8.mp4,fake,-1,-1.0,-1.0,-1.0,-1.0,-1.0,-1.0,-1.0,-1.0,-1.0,18.0,0,0,0,0,False,False
08_05__walk_down_hall_angry__FBICSP2C.mp4,fake,0,0.0,0.40922997359509905,0.002296551979662293,1.5553304889385395,3.891263596443002,20.141128156376226,29.897877490789014,177.01427505131633,4.208453862147362,11.5,8,20,8,20,True,True
07_26__walking_down_street_outside_angry__FGNGC2GT.mp4,fake,1,239.55637707948244,0.24794414486830382,0.006878807453320742,-1.0,-1.0,-1.0,-1.0,-1.0,-1.0,22.541666666666668,6,0,6,0,True,False
07_26__walk_down_hall_angry__FGNGC2GT.mp4,fake,0,0.0,0.42938475515019386,0.007711787979147142,-1.0,-1.0,-1.0,-1.0,-1.0,-1.0,22.625,7,0,7,0,True,False
08_28__outside_talking_pan_laughing__8BC35RFU.mp4,fake,14,73.09644670050761,0.31040855287574987,0.0054279194179321305,9.088079861250595,15.006832918332778,8.452103759491315,12.219792933909305,171.07802713002883,-0.73945397420981,24.625,274,274,274,274,True,True
07_27__walking_down_street_outside_angry__3RH5PR6S.mp4,fake,1,101.96891191709845,0.35862967571029064,0.023370810551725407,9.128714749727376,9.58049905146885,11.411735676149647,18.556310619377292,176.42380343961395,7.868606284252821,24.125,14,40,14,40,True,True
09_01__walk_down_hall_angry__6TSGVLHA.mp4,fake,0,0.0,0.523212555392249,0.019172140097910868,10.4807425472731,6.687559756879054,23.18278948971899,32.05225963313844,-174.3109253622674,20.685962014463673,13.958333333333334,6,16,6,16,True,True
09_02__walking_down_street_outside_angry__6KUOFMZW.mp4,fake,1,7.441860465116279,0.673953139701931,0.0006372098328077474,0.053915673428023954,0.12784518579024332,0.6311437678048606,1.4912539597229122,177.12609619691423,2.288997012212011,16.125,158,158,158,158,True,True
08_16__podium_speech_happy__8Q7JCS95.mp4,fake,16,43.02521008403362,0.44660236747093773,0.017746009737894527,2.310926977644231,3.0190509955048324,5.840358261973554,8.2454769585744,177.35120387641845,-0.6169486462812485,44.625,533,533,533,533,True,True
09_02__walk_down_hall_angry__6KUOFMZW.mp4,fake,0,0.0,0.7430942984472658,0.006185282919980629,11.63062227565817,1.1157026997972863,19.7889077541167,10.59225443888236,-173.52077804427256,22.40367490880261,12.791666666666666,3,19,3,19,True,True
09_02__walking_down_street_outside_angry__9TDCEK1Q.mp4,fake,1,159.24705882352941,0.25062194008688027,0.008082923577987502,1.522996942219775,20.992111649602265,11.4857119663828,30.474470474755222,-177.20727407360846,13.229096197505195,17.708333333333332,9,23,9,23,True,True
09_01__talking_against_wall__O8HNNX43.mp4,fake,13,38.4,0.3949943379639978,0.008860257830988934,1.0789585411571252,1.870851262950365,2.0534782035626,3.624212700137488,176.59389109006162,-1.314301714907483,40.625,487,487,487,487,True,True
09_03__kitchen_pan__8DTEGQ54.mp4,fake,9,39.09502262443439,0.4111321808709318,0.020045488972253906,1.5695094718217266,22.825520824729523,2.6275461965005595,5.641085822590296,-178.14057603291178,-10.07368573406423,27.625,330,330,330,330,True,True
09_07__kitchen_pan__N9CWME71.mp4,fake,3,13.170731707317072,0.5294027949038527,0.02070242520322853,1.5284066295937022,37.00720943020579,2.8382208778656377,8.02208912024698,-177.83058500874603,-11.203897868329776,27.333333333333332,326,326,326,326,True,True
09_13__kitchen_pan__21H6XSPE.mp4,fake,2,8.902627511591964,0.5653390755726109,0.01477454599427164,1.252385145498426,24.02740045358503,2.8713846793042976,7.01353559871859,-178.08623327021152,-12.113900835302237,26.958333333333332,320,320,320,320,True,True
09_03__talking_against_wall__8DTEGQ54.mp4,fake,11,32.49230769230769,0.2936900035563289,0.008767118265094022,1.0458875701343207,1.0957458736073513,2.177233219310954,2.96908729276083,176.1268642802927,-0.5723285433540792,40.625,487,487,487,487,True,True
09_13__outside_talking_pan_laughing__LPT427RY.mp4,fake,16,67.21357850070721,0.3855302882056205,0.02440521362239687,4.848210699937745,99.80982151532638,5.053550878355566,9.871864511053085,176.54088049873207,8.666451157729357,29.458333333333332,341,341,341,341,True,True
09_18__outside_talking_pan_laughing__3VP8836C.mp4,fake,26,106.08458390177353,0.2738423439833399,0.016139771743736705,5.380244033853967,98.33614401429291,5.65040058189721,8.495699987229345,175.68714848532287,8.83276898324585,30.541666666666668,352,352,352,352,True,True
09_20__kitchen_pan__98NUQ3E6.mp4,fake,3,13.251533742331288,0.5866744936255899,0.015440830995633308,2.0022960200536737,33.60873164842188,2.868232068834978,8.688461128933636,-177.74021810445848,-11.530530108162864,27.166666666666668,323,323,323,323,True,True
09_25__walking_down_street_outside_angry__5041ODBN.mp4,fake,1,158.8235294117647,0.4761446421041846,0.02976478738694517,1.9990817711631006,12.979114217946726,21.205189043262997,33.62908771055008,-176.43870754044534,17.656507776759835,17.0,9,22,9,22,True,True
09_26__walk_down_hall_angry__QSE5A0GF.mp4,fake,0,0.0,0.7331262377839535,0.01982770126722911,0.8505776953220815,1.7298352485764472,14.335510272407191,16.72343480456385,-175.32742392264234,24.254175262848182,14.0,4,16,4,16,True,True
09_20__podium_speech_happy__O5X0AWR9.mp4,fake,24,67.5659824046921,0.36818722941842646,0.014646254964484521,5.009304906714555,5.02067548716086,5.910062857178768,6.864843915510491,173.6010734644907,4.644900621351373,42.625,511,511,511,511,True,True
09_26__talking_against_wall__C3K20JOL.mp4,fake,13,38.4,0.6151013811571839,0.005604946925111423,1.174164939130958,1.0975600979854234,2.1119558041210302,2.9796260761932847,176.6003960817991,-0.24929594146507117,40.625,487,487,487,487,True,True
10_19__kitchen_still__IDX76N5R.mp4,fake,6,19.77116704805492,0.5411398623562994,0.005719229295784693,2.9538801510748147,6.77731019072941,3.602600844558817,8.28513572738425,-172.2562018177295,-14.678633049435819,36.416666666666664,437,437,437,437,True,True
10_22__kitchen_pan__EHARPYBT.mp4,fake,1,4.298507462686566,0.5918043390825021,0.003114355451090918,2.211647617299985,77.47365191221913,3.4052294056445866,9.280511860809593,-173.54537919895333,-20.941292481412994,27.916666666666668,334,334,334,334,True,True
09_20__talking_angry_couch__0IRM5ADD.mp4,fake,13,28.27794561933535,0.4936404618290786,0.012339854104007807,10.004731146306883,9.828513809043436,7.988030796485105,10.491001460443705,168.9569924649706,17.57364970129665,55.166666666666664,662,662,662,662,True,True
10_22__kitchen_still__EHARPYBT.mp4,fake,3,9.965397923875432,0.5760871170504533,0.003680807465995514,2.3367362519766637,9.08596762153506,3.481769208884693,8.044945706713984,-172.5447290308498,-14.632115498278301,36.125,433,433,433,433,True,True
